frame.time_epoch,frame.len
1732301086.872719000,114
1732301086.872948000,31922
1732301086.872999000,66
1732301086.873008000,33370
1732301086.873040000,59434
1732301086.873042000,66
1732301086.873079000,5858
1732301086.873079000,56538
1732301086.873093000,66
1732301086.873130000,8754
1732301086.873131000,50746
1732301086.873139000,66
1732301086.873164000,14546
1732301086.873185000,66
1732301086.873187000,52194
1732301086.873197000,66
1732301086.873216000,13098
1732301086.873236000,66
1732301086.873238000,46402
1732301086.873247000,66
1732301086.873270000,18890
1732301086.873284000,66
1732301086.873291000,43506
1732301086.873299000,66
1732301086.873323000,21786
1732301086.873343000,66
1732301086.873360000,66
1732301086.873361000,60882
1732301086.873415000,4410
1732301086.873415000,57986
1732301086.873427000,66
1732301086.873460000,7306
1732301086.873460000,46402
1732301086.873488000,66
1732301086.873506000,18890
1732301086.873518000,66
1732301086.873530000,65226
1732301086.873531000,66
1732301086.873555000,8754
1732301086.873572000,40610
1732301086.873588000,66
1732301086.873596000,15994
1732301086.873612000,30474
1732301086.873615000,66
1732301086.873627000,66
1732301086.873631000,17442
1732301086.873644000,66
1732301086.873646000,23234
1732301086.873656000,66
1732301086.873666000,21786
1732301086.873670000,66
1732301086.873693000,20338
1732301086.873693000,66
1732301086.873710000,31922
1732301086.873717000,66
1732301086.873740000,33370
1732301086.873745000,66
1732301086.873764000,30474
1732301086.873776000,66
1732301086.873790000,30474
1732301086.873795000,66
1732301086.873823000,66
1732301086.873827000,4410
1732301086.873827000,39162
1732301086.873860000,26130
1732301086.873873000,66
1732301086.873876000,30474
1732301086.873890000,66
1732301086.873901000,30474
1732301086.873907000,66
1732301086.873935000,66
1732301086.873948000,4410
1732301086.873948000,50746
1732301086.873978000,14546
1732301086.873995000,40610
1732301086.874001000,66
1732301086.874014000,66
1732301086.874025000,24682
1732301086.874039000,66
1732301086.874039000,27578
1732301086.874054000,66
1732301086.874070000,66
1732301086.874072000,37714
1732301086.874095000,27578
1732301086.874133000,37714
1732301086.874134000,66
1732301086.874152000,66
1732301086.874154000,31922
1732301086.874170000,66
1732301086.874184000,33370
1732301086.874186000,66
1732301086.874203000,24682
1732301086.874219000,66
1732301086.874228000,29026
1732301086.874233000,66
1732301086.874259000,66
1732301086.874275000,11650
1732301086.874292000,66
1732301086.874299000,59282
1732301086.874350000,66
1732301086.911359000,114
1732301086.911583000,24682
1732301086.911631000,66
1732301086.911638000,40610
1732301086.911674000,52194
1732301086.911688000,66
1732301086.911697000,13098
1732301086.911716000,66
1732301086.911716000,50746
1732301086.911729000,66
1732301086.911748000,14546
1732301086.911764000,66
1732301086.911768000,46402
1732301086.911776000,66
1732301086.911797000,18890
1732301086.911813000,66
1732301086.911814000,36266
1732301086.911829000,66
1732301086.911846000,29026
1732301086.911850000,66
1732301086.911870000,37714
1732301086.911881000,66
1732301086.911898000,27578
1732301086.911905000,66
1732301086.911913000,21786
1732301086.911924000,66
1732301086.911937000,29026
1732301086.911937000,66
1732301086.911958000,14546
1732301086.911968000,66
1732301086.911970000,24682
1732301086.911979000,66
1732301086.911988000,20338
1732301086.911993000,66
1732301086.912005000,66
1732301086.912020000,20338
1732301086.912039000,39162
1732301086.912044000,66
1732301086.912068000,26130
1732301086.912076000,66
1732301086.912083000,26130
1732301086.912102000,66
1732301086.912107000,29026
1732301086.912122000,66
1732301086.912138000,66
1732301086.912141000,10202
1732301086.912141000,29026
1732301086.912175000,36266
1732301086.912183000,66
1732301086.912194000,26130
1732301086.912206000,66
1732301086.912217000,27578
1732301086.912221000,66
1732301086.912245000,11650
1732301086.912248000,66
1732301086.912258000,66
1732301086.912260000,39162
1732301086.912289000,8754
1732301086.912289000,24682
1732301086.912298000,66
1732301086.912318000,66
1732301086.912336000,40610
1732301086.912364000,47850
1732301086.912376000,66
1732301086.912393000,17442
1732301086.912403000,66
1732301086.912409000,34818
1732301086.912415000,66
1732301086.912438000,30474
1732301086.912445000,66
1732301086.912457000,26130
1732301086.912465000,66
1732301086.912479000,26130
1732301086.912481000,66
1732301086.912507000,66
1732301086.912521000,13098
1732301086.912539000,66
1732301086.912546000,65226
1732301086.912571000,14546
1732301086.912586000,33370
1732301086.912602000,66
1732301086.912607000,17442
1732301086.912620000,21786
1732301086.912628000,66
1732301086.912648000,66
1732301086.912661000,43506
1732301086.912690000,39162
1732301086.912704000,66
1732301086.912716000,26130
1732301086.912727000,66
1732301086.912731000,21786
1732301086.912741000,66
1732301086.912754000,66
1732301086.912770000,43506
1732301086.912806000,26130
1732301086.912820000,23234
1732301086.912822000,66
1732301086.912837000,31922
1732301086.912838000,66
1732301086.912851000,66
1732301086.912861000,10202
1732301086.912861000,17442
1732301086.912867000,66
1732301086.912889000,66
1732301086.912930000,47850
1732301086.912967000,33218
1732301086.912985000,66
1732301086.913003000,66
1732301086.969458000,114
1732301087.012387000,66
1732301087.016518000,114
1732301087.016603000,66
1732301087.071692000,114
1732301087.071776000,66
1732301087.120100000,114
1732301087.120186000,66
1732301088.955264000,114
1732301088.955564000,7306
1732301088.955565000,7306
1732301088.955608000,66
1732301088.955623000,66
1732301088.956262000,14546
1732301088.956288000,66
1732301088.956311000,14546
1732301088.956330000,66
1732301088.956652000,21786
1732301088.956682000,66
1732301088.956706000,7306
1732301088.956706000,7306
1732301088.956724000,66
1732301088.956732000,66
1732301088.956754000,21786
1732301088.956795000,34818
1732301088.956795000,66
1732301088.956833000,66
1732301088.956839000,4410
1732301088.956839000,4410
1732301088.956839000,14546
1732301088.956871000,14546
1732301088.956876000,66
1732301088.956885000,66
1732301088.956894000,66
1732301088.956911000,36266
1732301088.956938000,66
1732301088.956957000,7306
1732301088.956957000,11650
1732301088.956987000,66
1732301088.957018000,46402
1732301088.957058000,66
1732301088.957070000,11650
1732301088.957089000,17442
1732301088.957113000,17442
1732301088.957119000,66
1732301088.957135000,11650
1732301088.957162000,7306
1732301088.957162000,21786
1732301088.957173000,66
1732301088.957209000,66
1732301088.957212000,43506
1732301088.957235000,66
1732301088.957249000,8754
1732301088.957270000,20338
1732301088.957286000,66
1732301088.957305000,36266
1732301088.957323000,66
1732301088.957351000,36266
1732301088.957367000,66
1732301088.957399000,29026
1732301088.957428000,66
1732301088.957451000,29026
1732301088.957462000,66
1732301088.957493000,23234
1732301088.957515000,66
1732301088.957517000,11650
1732301088.957544000,66
1732301088.957568000,1514
1732301088.957568000,66
1732301088.957568000,56538
1732301088.957645000,8754
1732301088.957645000,26130
1732301088.957678000,66
1732301088.957696000,2962
1732301088.957696000,36266
1732301088.957725000,66
1732301088.957771000,53642
1732301088.957775000,66
1732301088.957827000,11650
1732301088.957874000,66
1732301088.957880000,65226
1732301088.957895000,66
1732301088.957937000,15994
1732301088.957985000,49298
1732301088.957997000,66
1732301088.958023000,66
1732301088.958044000,43506
1732301088.958076000,66
1732301088.958107000,21786
1732301088.958126000,66
1732301088.958156000,66
1732301088.958172000,65226
1732301088.958220000,5858
1732301088.958263000,59434
1732301088.958294000,66
1732301088.958323000,33370
1732301088.958357000,66
1732301088.958366000,31922
1732301088.958398000,66
1732301088.958422000,60882
1732301088.958435000,66
1732301088.958506000,4410
1732301088.958506000,65226
1732301088.958531000,66
1732301088.958573000,23234
1732301088.958617000,42058
1732301088.958625000,66
1732301088.958657000,66
1732301088.958672000,50746
1732301088.958699000,66
1732301088.958726000,14546
1732301088.958757000,66
1732301088.958773000,65226
1732301088.958779000,66
1732301088.958828000,13098
1732301088.958870000,52194
1732301088.958884000,66
1732301088.958908000,66
1732301088.958927000,27426
1732301088.958958000,66
1732301088.958989000,66
1732301089.002284000,114
1732301089.002535000,40610
1732301089.002598000,24682
1732301089.002602000,66
1732301089.002651000,65226
1732301089.002662000,66
1732301089.002677000,2962
1732301089.002700000,62330
1732301089.002728000,66
1732301089.002730000,30474
1732301089.002755000,34818
1732301089.002769000,66
1732301089.002796000,57986
1732301089.002822000,66
1732301089.002840000,7306
1732301089.002840000,65226
1732301089.002855000,66
1732301089.002877000,20338
1732301089.002908000,44954
1732301089.002910000,66
1732301089.002925000,66
1732301089.002945000,47850
1732301089.002949000,66
1732301089.002972000,17442
1732301089.002999000,65226
1732301089.003006000,66
1732301089.003019000,66
1732301089.003039000,10202
1732301089.003060000,55090
1732301089.003071000,66
1732301089.003082000,66
1732301089.003089000,37714
1732301089.003110000,66
1732301089.003116000,27578
1732301089.003134000,66
1732301089.003139000,34818
1732301089.003151000,66
1732301089.003171000,30474
1732301089.003175000,66
1732301089.003198000,34818
1732301089.003208000,66
1732301089.003232000,66
1732301089.003300000,8754
1732301089.003318000,66
1732301089.003325000,29026
1732301089.003355000,27578
1732301089.003364000,66
1732301089.003373000,29026
1732301089.003385000,66
1732301089.003403000,34818
1732301089.003403000,66
1732301089.003439000,1514
1732301089.003439000,40610
1732301089.003443000,66
1732301089.003471000,24682
1732301089.003485000,66
1732301089.003493000,39162
1732301089.003502000,66
1732301089.003528000,26130
1732301089.003534000,66
1732301089.003547000,37714
1732301089.003554000,66
1732301089.003577000,27578
1732301089.003587000,66
1732301089.003595000,27578
1732301089.003607000,66
1732301089.003620000,30474
1732301089.003623000,66
1732301089.003658000,66
1732301089.003689000,7306
1732301089.003689000,65226
1732301089.003722000,20338
1732301089.003746000,44954
1732301089.003756000,66
1732301089.003772000,66
1732301089.003772000,40610
1732301089.003797000,66
1732301089.003801000,24682
1732301089.003820000,66
1732301089.003821000,33370
1732301089.003835000,66
1732301089.003853000,31922
1732301089.003854000,66
1732301089.003875000,30474
1732301089.003890000,66
1732301089.003905000,34818
1732301089.003910000,66
1732301089.003931000,31922
1732301089.003946000,66
1732301089.003961000,33370
1732301089.003966000,66
1732301089.003980000,7154
1732301089.004001000,66
1732301089.004009000,66
1732301089.042817000,114
1732301089.043005000,26130
1732301089.043070000,39162
1732301089.043072000,66
1732301089.043100000,53642
1732301089.043116000,66
1732301089.043126000,11650
1732301089.043149000,65226
1732301089.043150000,66
1732301089.043160000,66
1732301089.043177000,15994
1732301089.043203000,47850
1732301089.043209000,66
1732301089.043223000,66
1732301089.043241000,1514
1732301089.043241000,43506
1732301089.043247000,66
1732301089.043274000,21786
1732301089.043288000,66
1732301089.043294000,40610
1732301089.043303000,66
1732301089.043324000,24682
1732301089.043337000,66
1732301089.043339000,29026
1732301089.043353000,66
1732301089.043365000,29026
1732301089.043369000,66
1732301089.043389000,7306
1732301089.043389000,21786
1732301089.043395000,66
1732301089.043417000,33370
1732301089.043420000,66
1732301089.043445000,10202
1732301089.043446000,21786
1732301089.043451000,66
1732301089.043471000,30474
1732301089.043477000,66
1732301089.043505000,13098
1732301089.043514000,66
1732301089.043525000,66
1732301089.043526000,52194
1732301089.043554000,13098
1732301089.043571000,39162
1732301089.043576000,66
1732301089.043588000,66
1732301089.043598000,26130
1732301089.043618000,30474
1732301089.043623000,66
1732301089.043642000,66
1732301089.043645000,30474
1732301089.043663000,66
1732301089.043681000,66
1732301089.043683000,4410
1732301089.043683000,34818
1732301089.043710000,37714
1732301089.043725000,66
1732301089.043738000,27578
1732301089.043747000,66
1732301089.043761000,31922
1732301089.043762000,66
1732301089.043791000,33370
1732301089.043795000,66
1732301089.043811000,26130
1732301089.043824000,66
1732301089.043832000,24682
1732301089.043840000,66
1732301089.043855000,66
1732301089.043874000,14546
1732301089.043895000,66
1732301089.043898000,62330
1732301089.043942000,2962
1732301089.043942000,49298
1732301089.043952000,66
1732301089.043974000,15994
1732301089.043991000,66
1732301089.043991000,42058
1732301089.044003000,66
1732301089.044021000,23234
1732301089.044026000,66
1732301089.044044000,37714
1732301089.044044000,66
1732301089.044073000,27578
1732301089.044083000,66
1732301089.044091000,27578
1732301089.044101000,66
1732301089.044116000,66
1732301089.044129000,37714
1732301089.044154000,36266
1732301089.044167000,66
1732301089.044182000,29026
1732301089.044189000,66
1732301089.044202000,27578
1732301089.044210000,66
1732301089.044247000,66
1732301089.044250000,37714
1732301089.044285000,55090
1732301089.044290000,66
1732301089.044316000,10202
1732301089.044316000,31922
1732301089.044350000,66
1732301089.044379000,33370
1732301089.044383000,66
1732301089.044395000,7154
1732301089.044414000,66
1732301089.044421000,66
1732301089.081437000,114
1732301089.081664000,24682
1732301089.081713000,66
1732301089.081718000,40610
1732301089.081751000,52194
1732301089.081754000,66
1732301089.081775000,13098
1732301089.081797000,52194
1732301089.081798000,66
1732301089.081809000,66
1732301089.081826000,13098
1732301089.081842000,39162
1732301089.081847000,66
1732301089.081858000,66
1732301089.081867000,26130
1732301089.081879000,66
1732301089.081886000,26130
1732301089.081894000,66
1732301089.081905000,21786
1732301089.081908000,66
1732301089.081925000,17442
1732301089.081930000,66
1732301089.081937000,20338
1732301089.081942000,66
1732301089.081955000,66
1732301089.081955000,21786
1732301089.081976000,23234
1732301089.081980000,66
1732301089.081988000,15994
1732301089.081998000,66
1732301089.082007000,20338
1732301089.082010000,66
1732301089.082030000,66
1732301089.082031000,29026
1732301089.082050000,23234
1732301089.082061000,66
1732301089.082071000,24682
1732301089.082077000,66
1732301089.082094000,66
1732301089.082096000,17442
1732301089.082116000,34818
1732301089.082119000,66
1732301089.082148000,30474
1732301089.082164000,66
1732301089.082170000,33370
1732301089.082185000,66
1732301089.082194000,27578
1732301089.082207000,66
1732301089.082224000,66
1732301089.082234000,4410
1732301089.082234000,43506
1732301089.082267000,21786
1732301089.082287000,66
1732301089.082300000,55090
1732301089.082301000,66
1732301089.082336000,10202
1732301089.082336000,33370
1732301089.082346000,66
1732301089.082377000,66
1732301089.082383000,1514
1732301089.082383000,52194
1732301089.082412000,13098
1732301089.082428000,40610
1732301089.082430000,66
1732301089.082441000,66
1732301089.082456000,24682
1732301089.082462000,66
1732301089.082471000,26130
1732301089.082477000,66
1732301089.082495000,66
1732301089.082503000,37714
1732301089.082539000,66
1732301089.082554000,1514
1732301089.082554000,57986
1732301089.082598000,7306
1732301089.082598000,44954
1732301089.082607000,66
1732301089.082642000,20338
1732301089.082645000,66
1732301089.082662000,66
1732301089.082667000,60882
1732301089.082704000,4410
1732301089.082704000,37714
1732301089.082718000,66
1732301089.082742000,66
1732301089.082750000,27578
1732301089.082780000,66
1732301089.082782000,65226
1732301089.082817000,40610
1732301089.082867000,66
1732301089.082873000,24682
1732301089.082890000,66
1732301089.082891000,33370
1732301089.082904000,66
1732301089.082909000,34818
1732301089.082922000,66
1732301089.082929000,30474
1732301089.082940000,66
1732301089.082948000,31922
1732301089.082955000,66
1732301089.082975000,31922
1732301089.082980000,66
1732301089.083002000,1514
1732301089.083002000,29026
1732301089.083007000,66
1732301089.083024000,10050
1732301089.083033000,66
1732301089.083042000,66
1732301089.143808000,114
1732301089.184379000,66
1732301089.190971000,114
1732301089.191061000,66
1732301089.241547000,114
1732301089.241643000,66
1732301089.290121000,114
1732301089.290210000,66
1732301091.123898000,114
1732301091.124235000,7306
1732301091.124235000,7306
1732301091.124270000,66
1732301091.124278000,66
1732301091.124916000,14546
1732301091.124941000,66
1732301091.124965000,14546
1732301091.124981000,66
1732301091.125321000,29026
1732301091.125355000,66
1732301091.125395000,7306
1732301091.125395000,21786
1732301091.125443000,66
1732301091.125453000,66
1732301091.125494000,43506
1732301091.125540000,66
1732301091.125558000,14546
1732301091.125579000,14546
1732301091.125596000,66
1732301091.125603000,20338
1732301091.125607000,66
1732301091.125628000,15994
1732301091.125638000,21786
1732301091.125643000,66
1732301091.125651000,66
1732301091.125666000,7306
1732301091.125666000,36266
1732301091.125679000,29026
1732301091.125694000,78
1732301091.125706000,78
1732301091.125726000,78
1732301091.125749000,66
1732301091.125758000,29026
1732301091.125788000,7306
1732301091.125788000,5858
1732301091.125822000,15994
1732301091.125831000,66
1732301091.125857000,40610
1732301091.125903000,66
1732301091.125904000,2962
1732301091.125904000,29026
1732301091.125935000,4410
1732301091.125948000,66
1732301091.125954000,2962
1732301091.125954000,8754
1732301091.125958000,78
1732301091.125991000,4410
1732301091.125991000,20338
1732301091.125996000,78
1732301091.126003000,66
1732301091.126020000,66
1732301091.126026000,66
1732301091.126033000,2962
1732301091.126033000,23234
1732301091.126062000,66
1732301091.126078000,66
1732301091.126093000,20338
1732301091.126112000,66
1732301091.126123000,4410
1732301091.126123000,5858
1732301091.126138000,66
1732301091.126149000,11650
1732301091.126161000,66
1732301091.126182000,23234
1732301091.126202000,66
1732301091.126230000,31922
1732301091.126255000,66
1732301091.126277000,10202
1732301091.126277000,15994
1732301091.126311000,66
1732301091.126348000,42058
1732301091.126379000,66
1732301091.126424000,7306
1732301091.126425000,43506
1732301091.126463000,66
1732301091.126472000,66
1732301091.126494000,21786
1732301091.126533000,66
1732301091.126551000,65226
1732301091.126595000,66
1732301091.126606000,5858
1732301091.126653000,59434
1732301091.126672000,66
1732301091.126714000,33370
1732301091.126750000,66
1732301091.126762000,31922
1732301091.126789000,66
1732301091.126823000,60882
1732301091.126825000,66
1732301091.126908000,4410
1732301091.126908000,65226
1732301091.126934000,66
1732301091.126973000,23234
1732301091.127015000,42058
1732301091.127030000,66
1732301091.127063000,66
1732301091.127071000,50746
1732301091.127108000,66
1732301091.127135000,14546
1732301091.127159000,66
1732301091.127181000,66
1732301091.127183000,65226
1732301091.127234000,13098
1732301091.127278000,52194
1732301091.127294000,66
1732301091.127317000,66
1732301091.127337000,40610
1732301091.127372000,66
1732301091.127386000,24682
1732301091.127416000,66
1732301091.127446000,66
1732301091.127458000,65226
1732301091.127494000,2962
1732301091.127552000,62330
1732301091.127569000,66
1732301091.127605000,30474
1732301091.127651000,34818
1732301091.127653000,66
1732301091.127691000,66
1732301091.127691000,27426
1732301091.127728000,66
1732301091.127759000,66
1732301091.170390000,114
1732301091.170647000,42058
1732301091.170710000,23234
1732301091.170716000,66
1732301091.170741000,65226
1732301091.170765000,66
1732301091.170766000,4410
1732301091.170793000,60882
1732301091.170807000,66
1732301091.170827000,31922
1732301091.170855000,33370
1732301091.170855000,66
1732301091.170877000,66
1732301091.170885000,59434
1732301091.170896000,66
1732301091.170928000,5858
1732301091.170928000,47850
1732301091.170946000,66
1732301091.170973000,17442
1732301091.170990000,66
1732301091.171004000,66
1732301091.171018000,65226
1732301091.171048000,10202
1732301091.171087000,55090
1732301091.171096000,66
1732301091.171107000,66
1732301091.171130000,37714
1732301091.171158000,66
1732301091.171160000,27578
1732301091.171185000,66
1732301091.171194000,65226
1732301091.171205000,66
1732301091.171231000,18890
1732301091.171259000,66
1732301091.171274000,66
1732301091.171395000,13098
1732301091.171418000,66
1732301091.171418000,26130
1732301091.171449000,26130
1732301091.171453000,66
1732301091.171485000,40610
1732301091.171498000,66
1732301091.171516000,24682
1732301091.171523000,66
1732301091.171542000,66
1732301091.171542000,53642
1732301091.171574000,11650
1732301091.171592000,47850
1732301091.171597000,66
1732301091.171608000,66
1732301091.171629000,17442
1732301091.171637000,66
1732301091.171651000,66
1732301091.171653000,53642
1732301091.171684000,11650
1732301091.171702000,46402
1732301091.171708000,66
1732301091.171719000,66
1732301091.171735000,18890
1732301091.171745000,66
1732301091.171764000,46402
1732301091.171766000,66
1732301091.171823000,18890
1732301091.171832000,66
1732301091.171846000,66
1732301091.171857000,65226
1732301091.171884000,8754
1732301091.171920000,56538
1732301091.171928000,66
1732301091.171937000,66
1732301091.171952000,36266
1732301091.171973000,66
1732301091.171984000,29026
1732301091.171998000,66
1732301091.172004000,18890
1732301091.172019000,66
1732301091.172025000,44954
1732301091.172032000,66
1732301091.172059000,20338
1732301091.172072000,66
1732301091.172086000,66
1732301091.172087000,65226
1732301091.172114000,7306
1732301091.172134000,46402
1732301091.172149000,66
1732301091.172154000,11650
1732301091.172169000,34818
1732301091.172179000,66
1732301091.172192000,30474
1732301091.172207000,4258
1732301091.172208000,66
1732301091.172229000,66
1732301091.212358000,114
1732301091.212580000,26130
1732301091.212637000,66
1732301091.212648000,39162
1732301091.212693000,53642
1732301091.212693000,66
1732301091.212720000,11650
1732301091.212752000,66
1732301091.212763000,65226
1732301091.212764000,66
1732301091.212794000,15994
1732301091.212823000,49298
1732301091.212833000,66
1732301091.212846000,66
1732301091.212858000,43506
1732301091.212872000,66
1732301091.212881000,21786
1732301091.212897000,66
1732301091.212910000,66
1732301091.212915000,65226
1732301091.212941000,5858
1732301091.212968000,59434
1732301091.212979000,66
1732301091.213005000,33370
1732301091.213023000,66
1732301091.213031000,31922
1732301091.213044000,66
1732301091.213062000,66
1732301091.213067000,60882
1732301091.213119000,4410
1732301091.213119000,65226
1732301091.213124000,66
1732301091.213156000,18890
1732301091.213185000,66
1732301091.213198000,66
1732301091.213318000,65226
1732301091.213350000,27578
1732301091.213369000,37714
1732301091.213377000,66
1732301091.213394000,66
1732301091.213397000,55090
1732301091.213413000,66
1732301091.213435000,10202
1732301091.213435000,65226
1732301091.213441000,66
1732301091.213471000,29026
1732301091.213481000,15994
1732301091.213497000,20338
1732301091.213508000,66
1732301091.213514000,78
1732301091.213516000,33370
1732301091.213518000,66
1732301091.213545000,31922
1732301091.213550000,66
1732301091.213560000,20338
1732301091.213569000,66
1732301091.213589000,33370
1732301091.213594000,66
1732301091.213624000,11650
1732301091.213633000,66
1732301091.213642000,66
1732301091.213644000,53642
1732301091.213674000,11650
1732301091.213690000,43506
1732301091.213694000,66
1732301091.213704000,66
1732301091.213719000,21786
1732301091.213727000,66
1732301091.213736000,31922
1732301091.213744000,66
1732301091.213772000,66
1732301091.213779000,33370
1732301091.213815000,57986
1732301091.213817000,66
1732301091.213855000,7306
1732301091.213855000,42058
1732301091.213870000,66
1732301091.213894000,23234
1732301091.213907000,66
1732301091.213913000,43506
1732301091.213921000,66
1732301091.213941000,21786
1732301091.213955000,66
1732301091.213961000,34818
1732301091.213969000,66
1732301091.213990000,30474
1732301091.213997000,66
1732301091.214008000,23082
1732301091.214021000,66
1732301091.214035000,66
1732301091.250997000,114
1732301091.251246000,31922
1732301091.251296000,33370
1732301091.251305000,66
1732301091.251328000,59434
1732301091.251346000,66
1732301091.251367000,5858
1732301091.251367000,44954
1732301091.251381000,66
1732301091.251401000,20338
1732301091.251419000,66
1732301091.251421000,43506
1732301091.251433000,66
1732301091.251448000,21786
1732301091.251458000,66
1732301091.251466000,30474
1732301091.251471000,66
1732301091.251495000,34818
1732301091.251502000,66
1732301091.251514000,21786
1732301091.251531000,66
1732301091.251539000,29026
1732301091.251545000,66
1732301091.251561000,14546
1732301091.251571000,66
1732301091.251575000,29026
1732301091.251582000,66
1732301091.251600000,29026
1732301091.251601000,66
1732301091.251631000,7306
1732301091.251631000,29026
1732301091.251634000,66
1732301091.251670000,36266
1732301091.251686000,66
1732301091.251708000,53642
1732301091.251718000,66
1732301091.251735000,11650
1732301091.251751000,40610
1732301091.251757000,66
1732301091.251768000,66
1732301091.251776000,24682
1732301091.251790000,18890
1732301091.251791000,66
1732301091.251806000,66
1732301091.251817000,66
1732301091.251887000,7306
1732301091.251903000,66
1732301091.251932000,55090
1732301091.251970000,2962
1732301091.251970000,40610
1732301091.251982000,66
1732301091.251989000,66
1732301091.252002000,24682
1732301091.252010000,66
1732301091.252019000,33370
1732301091.252024000,66
1732301091.252052000,31922
1732301091.252054000,66
1732301091.252072000,30474
1732301091.252083000,66
1732301091.252094000,24682
1732301091.252100000,66
1732301091.252114000,66
1732301091.252148000,10202
1732301091.252148000,53642
1732301091.252179000,11650
1732301091.252194000,42058
1732301091.252203000,66
1732301091.252213000,66
1732301091.252231000,23234
1732301091.252234000,66
1732301091.252255000,66
1732301091.252257000,52194
1732301091.252284000,13098
1732301091.252299000,36266
1732301091.252302000,66
1732301091.252313000,66
1732301091.252338000,29026
1732301091.252339000,66
1732301091.252363000,46402
1732301091.252369000,66
1732301091.252393000,18890
1732301091.252409000,34818
1732301091.252419000,66
1732301091.252434000,66
1732301091.252446000,30474
1732301091.252452000,66
1732301091.252464000,18890
1732301091.252476000,66
1732301091.252479000,33370
1732301091.252487000,66
1732301091.252510000,31922
1732301091.252511000,66
1732301091.252533000,31922
1732301091.252543000,66
1732301091.252560000,30474
1732301091.252561000,66
1732301091.252601000,66
1732301091.252638000,2962
1732301091.252638000,65226
1732301091.252667000,24682
1732301091.252685000,40610
1732301091.252694000,66
1732301091.252700000,4258
1732301091.252708000,66
1732301091.252731000,66
1732301091.308332000,114
1732301091.348382000,66
1732301091.354393000,114
1732301091.354486000,66
1732301091.409734000,114
1732301091.409819000,66
1732301091.458303000,114
1732301091.458395000,66
1732301093.293795000,114
1732301093.294112000,7306
1732301093.294113000,7306
1732301093.294157000,66
1732301093.294172000,66
1732301093.294834000,14546
1732301093.294860000,66
1732301093.294886000,14546
1732301093.294904000,66
1732301093.295279000,29026
1732301093.295314000,66
1732301093.295356000,7306
1732301093.295356000,21786
1732301093.295386000,66
1732301093.295438000,29026
1732301093.295442000,66
1732301093.295476000,14546
1732301093.295480000,66
1732301093.295499000,14546
1732301093.295515000,66
1732301093.295517000,14546
1732301093.295522000,66
1732301093.295532000,66
1732301093.295563000,36266
1732301093.295590000,66
1732301093.295604000,7306
1732301093.295604000,5858
1732301093.295630000,24682
1732301093.295649000,66
1732301093.295660000,52194
1732301093.295661000,78
1732301093.295681000,7306
1732301093.295682000,21786
1732301093.295707000,78
1732301093.295726000,78
1732301093.295737000,29026
1732301093.295754000,18890
1732301093.295770000,4410
1732301093.295770000,7306
1732301093.295790000,78
1732301093.295800000,78
1732301093.295802000,17442
1732301093.295808000,78
1732301093.295818000,66
1732301093.295845000,29026
1732301093.295881000,26130
1732301093.295910000,4410
1732301093.295910000,4410
1732301093.295910000,5858
1732301093.295930000,5858
1732301093.295954000,66
1732301093.295957000,17442
1732301093.295965000,78
1732301093.295973000,66
1732301093.295979000,66
1732301093.295985000,66
1732301093.295992000,29026
1732301093.296021000,4410
1732301093.296021000,13098
1732301093.296053000,10202
1732301093.296053000,18890
1732301093.296080000,66
1732301093.296088000,78
1732301093.296094000,66
1732301093.296098000,66
1732301093.296098000,5858
1732301093.296098000,30474
1732301093.296142000,24682
1732301093.296164000,66
1732301093.296165000,4410
1732301093.296165000,11650
1732301093.296171000,66
1732301093.296178000,66
1732301093.296184000,66
1732301093.296188000,15994
1732301093.296246000,1514
1732301093.296246000,7306
1732301093.296247000,21786
1732301093.296262000,66
1732301093.296285000,66
1732301093.296292000,66
1732301093.296304000,43506
1732301093.296347000,18890
1732301093.296349000,66
1732301093.296372000,66
1732301093.296410000,46402
1732301093.296447000,66
1732301093.296484000,10202
1732301093.296484000,36266
1732301093.296518000,66
1732301093.296528000,66
1732301093.296546000,1514
1732301093.296546000,17442
1732301093.296582000,66
1732301093.296605000,65226
1732301093.296648000,66
1732301093.296660000,8754
1732301093.296703000,56538
1732301093.296727000,66
1732301093.296759000,36266
1732301093.296805000,66
1732301093.296813000,29026
1732301093.296848000,66
1732301093.296877000,63778
1732301093.296881000,66
1732301093.296965000,1514
1732301093.296965000,65226
1732301093.296992000,66
1732301093.297033000,26130
1732301093.297079000,39162
1732301093.297091000,66
1732301093.297128000,66
1732301093.297154000,53642
1732301093.297170000,66
1732301093.297205000,11650
1732301093.297249000,65226
1732301093.297253000,66
1732301093.297274000,66
1732301093.297303000,15994
1732301093.297356000,49298
1732301093.297362000,66
1732301093.297386000,66
1732301093.297415000,43506
1732301093.297436000,66
1732301093.297473000,21786
1732301093.297489000,66
1732301093.297517000,66
1732301093.297531000,65226
1732301093.297586000,5858
1732301093.297612000,21634
1732301093.297648000,66
1732301093.297683000,66
1732301093.340804000,114
1732301093.341056000,33370
1732301093.341120000,66
1732301093.341120000,31922
1732301093.341159000,60882
1732301093.341169000,66
1732301093.341208000,4410
1732301093.341208000,65226
1732301093.341224000,66
1732301093.341249000,23234
1732301093.341274000,42058
1732301093.341281000,66
1732301093.341300000,66
1732301093.341316000,50746
1732301093.341328000,66
1732301093.341343000,14546
1732301093.341367000,65226
1732301093.341373000,66
1732301093.341385000,66
1732301093.341399000,13098
1732301093.341428000,52194
1732301093.341443000,66
1732301093.341455000,66
1732301093.341468000,40610
1732301093.341482000,66
1732301093.341494000,24682
1732301093.341518000,66
1732301093.341526000,65226
1732301093.341535000,66
1732301093.341552000,2962
1732301093.341573000,52194
1732301093.341592000,66
1732301093.341610000,10202
1732301093.341610000,24682
1732301093.341622000,66
1732301093.341633000,66
1732301093.341649000,66
1732301093.341711000,42058
1732301093.341741000,23234
1732301093.341757000,66
1732301093.341760000,37714
1732301093.341773000,66
1732301093.341793000,27578
1732301093.341796000,66
1732301093.341841000,65226
1732301093.341842000,66
1732301093.341879000,46402
1732301093.341904000,66
1732301093.341911000,18890
1732301093.341929000,39162
1732301093.341931000,66
1732301093.341944000,66
1732301093.341959000,26130
1732301093.341967000,66
1732301093.341983000,37714
1732301093.341985000,66
1732301093.342016000,27578
1732301093.342029000,66
1732301093.342037000,36266
1732301093.342048000,66
1732301093.342069000,29026
1732301093.342070000,66
1732301093.342089000,31922
1732301093.342102000,66
1732301093.342116000,31922
1732301093.342124000,66
1732301093.342147000,1514
1732301093.342147000,34818
1732301093.342154000,66
1732301093.342212000,30474
1732301093.342218000,66
1732301093.342242000,62330
1732301093.342247000,66
1732301093.342279000,2962
1732301093.342279000,24682
1732301093.342301000,66
1732301093.342311000,65226
1732301093.342320000,66
1732301093.342349000,52194
1732301093.342372000,66
1732301093.342378000,13098
1732301093.342396000,42058
1732301093.342402000,66
1732301093.342412000,66
1732301093.342428000,23234
1732301093.342436000,66
1732301093.342447000,36266
1732301093.342451000,66
1732301093.342475000,21634
1732301093.342487000,66
1732301093.342502000,66
1732301093.381081000,114
1732301093.381331000,27578
1732301093.381386000,37714
1732301093.381386000,66
1732301093.381418000,55090
1732301093.381432000,66
1732301093.381460000,10202
1732301093.381460000,50746
1732301093.381468000,66
1732301093.381504000,14546
1732301093.381526000,62330
1732301093.381532000,66
1732301093.381545000,66
1732301093.381565000,2962
1732301093.381565000,43506
1732301093.381577000,66
1732301093.381596000,21786
1732301093.381611000,66
1732301093.381614000,34818
1732301093.381624000,66
1732301093.381640000,30474
1732301093.381644000,66
1732301093.381659000,21786
1732301093.381675000,66
1732301093.381682000,29026
1732301093.381689000,66
1732301093.381703000,14546
1732301093.381725000,26130
1732301093.381725000,66
1732301093.381748000,66
1732301093.381760000,39162
1732301093.381762000,66
1732301093.381788000,43506
1732301093.381799000,66
1732301093.381816000,21786
1732301093.381825000,66
1732301093.381830000,29026
1732301093.381840000,66
1732301093.381855000,27578
1732301093.381857000,66
1732301093.381898000,8754
1732301093.381898000,24682
1732301093.381902000,66
1732301093.381932000,66
1732301093.382019000,5858
1732301093.382033000,66
1732301093.382063000,52194
1732301093.382104000,7306
1732301093.382104000,40610
1732301093.382111000,66
1732301093.382136000,24682
1732301093.382155000,66
1732301093.382155000,36266
1732301093.382172000,66
1732301093.382187000,29026
1732301093.382194000,66
1732301093.382211000,36266
1732301093.382221000,66
1732301093.382240000,29026
1732301093.382245000,66
1732301093.382262000,30474
1732301093.382273000,66
1732301093.382287000,29026
1732301093.382292000,66
1732301093.382318000,66
1732301093.382341000,5858
1732301093.382341000,57986
1732301093.382382000,7306
1732301093.382382000,42058
1732301093.382399000,66
1732301093.382424000,23234
1732301093.382427000,66
1732301093.382450000,66
1732301093.382454000,60882
1732301093.382525000,4410
1732301093.382525000,65226
1732301093.382536000,66
1732301093.382556000,23234
1732301093.382576000,42058
1732301093.382585000,66
1732301093.382600000,24682
1732301093.382601000,66
1732301093.382615000,26130
1732301093.382621000,66
1732301093.382631000,21786
1732301093.382647000,66
1732301093.382650000,17442
1732301093.382660000,17442
1732301093.382661000,66
1732301093.382673000,66
1732301093.382680000,23234
1732301093.382683000,66
1732301093.382704000,24682
1732301093.382706000,66
1732301093.382723000,26130
1732301093.382732000,66
1732301093.382745000,26130
1732301093.382746000,66
1732301093.382774000,13098
1732301093.382774000,66
1732301093.382792000,42058
1732301093.382793000,66
1732301093.382820000,15842
1732301093.382833000,66
1732301093.382844000,66
1732301093.420530000,114
1732301093.420784000,36266
1732301093.420839000,29026
1732301093.420848000,66
1732301093.420870000,63778
1732301093.420897000,66
1732301093.420905000,1514
1732301093.420905000,49298
1732301093.420930000,66
1732301093.420935000,15994
1732301093.420953000,40610
1732301093.420957000,66
1732301093.420969000,66
1732301093.420978000,24682
1732301093.420989000,66
1732301093.420996000,26130
1732301093.421004000,66
1732301093.421018000,24682
1732301093.421018000,66
1732301093.421039000,14546
1732301093.421047000,66
1732301093.421051000,24682
1732301093.421058000,66
1732301093.421073000,26130
1732301093.421073000,66
1732301093.421093000,14546
1732301093.421101000,66
1732301093.421105000,23234
1732301093.421112000,66
1732301093.421124000,23234
1732301093.421125000,66
1732301093.421147000,18890
1732301093.421151000,66
1732301093.421160000,21786
1732301093.421165000,66
1732301093.421178000,66
1732301093.421181000,26130
1732301093.421204000,17442
1732301093.421210000,66
1732301093.421216000,23234
1732301093.421221000,66
1732301093.421236000,66
1732301093.421237000,24682
1732301093.421266000,17442
1732301093.421274000,66
1732301093.421284000,37714
1732301093.421286000,66
1732301093.421312000,27578
1732301093.421321000,66
1732301093.421328000,24682
1732301093.421337000,66
1732301093.421352000,66
1732301093.421436000,57986
1732301093.421473000,7306
1732301093.421473000,36266
1732301093.421487000,66
1732301093.421513000,29026
1732301093.421514000,66
1732301093.421545000,66
1732301093.421550000,60882
1732301093.421588000,4410
1732301093.421588000,40610
1732301093.421603000,66
1732301093.421629000,66
1732301093.421629000,24682
1732301093.421657000,66
1732301093.421660000,60882
1732301093.421704000,4410
1732301093.421704000,46402
1732301093.421713000,66
1732301093.421740000,18890
1732301093.421752000,66
1732301093.421758000,44954
1732301093.421764000,66
1732301093.421792000,20338
1732301093.421800000,66
1732301093.421812000,43506
1732301093.421813000,66
1732301093.421840000,21786
1732301093.421851000,66
1732301093.421857000,30474
1732301093.421865000,66
1732301093.421881000,66
1732301093.421897000,34818
1732301093.421921000,40610
1732301093.421952000,66
1732301093.421966000,24682
1732301093.421973000,66
1732301093.421980000,24682
1732301093.421987000,66
1732301093.421996000,39162
1732301093.422001000,66
1732301093.422024000,26130
1732301093.422034000,66
1732301093.422039000,24682
1732301093.422049000,66
1732301093.422063000,66
1732301093.422082000,40610
1732301093.422113000,46402
1732301093.422120000,66
1732301093.422141000,18890
1732301093.422154000,66
1732301093.422158000,33370
1732301093.422167000,66
1732301093.422185000,66
1732301093.422200000,24530
1732301093.422225000,66
1732301093.491739000,114
1732301093.491810000,66
1732301093.548520000,114
1732301093.548622000,66
1732301093.597664000,114
1732301093.597726000,66
1732301093.646014000,114
1732301093.646106000,66
1732301095.463744000,114
1732301095.464024000,7306
1732301095.464024000,7306
1732301095.464074000,66
1732301095.464109000,66
1732301095.464724000,14546
1732301095.464751000,66
1732301095.464781000,14546
1732301095.464797000,66
1732301095.465069000,20338
1732301095.465086000,66
1732301095.465113000,8754
1732301095.465113000,7306
1732301095.465132000,66
1732301095.465156000,21786
1732301095.465156000,66
1732301095.465180000,66
1732301095.465201000,39162
1732301095.465232000,66
1732301095.465248000,4410
1732301095.465248000,11650
1732301095.465280000,66
1732301095.465308000,2962
1732301095.465308000,50746
1732301095.465346000,66
1732301095.465356000,66
1732301095.465385000,7306
1732301095.465385000,31922
1732301095.465415000,66
1732301095.465431000,66
1732301095.465439000,26130
1732301095.465470000,66
1732301095.465476000,20338
1732301095.465500000,66
1732301095.465517000,31922
1732301095.465541000,66
1732301095.465556000,13098
1732301095.465568000,1514
1732301095.465591000,66
1732301095.465617000,63778
1732301095.465683000,29026
1732301095.465724000,36266
1732301095.465727000,66
1732301095.465765000,66
1732301095.465780000,56538
1732301095.465803000,66
1732301095.465876000,8754
1732301095.465881000,66
1732301095.465876000,65226
1732301095.465961000,18890
1732301095.466020000,46402
1732301095.466021000,66
1732301095.466061000,66
1732301095.466097000,46402
1732301095.466118000,66
1732301095.466149000,18890
1732301095.466191000,66
1732301095.466199000,65226
1732301095.466218000,66
1732301095.466248000,8754
1732301095.466297000,56538
1732301095.466315000,66
1732301095.466336000,66
1732301095.466353000,36266
1732301095.466392000,66
1732301095.466399000,29026
1732301095.466434000,66
1732301095.466456000,63778
1732301095.466467000,66
1732301095.466568000,66
1732301095.466567000,1514
1732301095.466568000,65226
1732301095.466635000,26130
1732301095.466679000,39162
1732301095.466685000,66
1732301095.466720000,66
1732301095.466732000,53642
1732301095.466760000,66
1732301095.466777000,11650
1732301095.466820000,66
1732301095.466824000,65226
1732301095.466840000,66
1732301095.466887000,15994
1732301095.466938000,66
1732301095.466938000,49298
1732301095.466964000,66
1732301095.467005000,43506
1732301095.467018000,66
1732301095.467055000,21786
1732301095.467092000,66
1732301095.467111000,65226
1732301095.467126000,66
1732301095.467158000,5858
1732301095.467213000,59434
1732301095.467225000,66
1732301095.467241000,66
1732301095.467274000,33370
1732301095.467316000,31922
1732301095.467317000,66
1732301095.467354000,66
1732301095.467355000,27426
1732301095.467388000,66
1732301095.467419000,66
1732301095.509888000,114
1732301095.510132000,29026
1732301095.510185000,36266
1732301095.510188000,66
1732301095.510222000,56538
1732301095.510238000,66
1732301095.510267000,8754
1732301095.510267000,56538
1732301095.510274000,66
1732301095.510324000,8754
1732301095.510324000,57986
1732301095.510334000,66
1732301095.510376000,7306
1732301095.510376000,53642
1732301095.510389000,66
1732301095.510410000,11650
1732301095.510435000,66
1732301095.510435000,59434
1732301095.510446000,66
1732301095.510492000,66
1732301095.510502000,5858
1732301095.510502000,65226
1732301095.510552000,21786
1732301095.510577000,43506
1732301095.510584000,66
1732301095.510602000,66
1732301095.510612000,49298
1732301095.510633000,66
1732301095.510638000,15994
1732301095.510662000,65226
1732301095.510665000,66
1732301095.510678000,66
1732301095.510689000,11650
1732301095.510701000,7306
1732301095.510724000,66
1732301095.510739000,66
1732301095.510893000,7306
1732301095.510910000,66
1732301095.510914000,24682
1732301095.510944000,66
1732301095.510946000,33370
1732301095.510971000,33370
1732301095.510985000,66
1732301095.510999000,31922
1732301095.511006000,66
1732301095.511023000,30474
1732301095.511035000,66
1732301095.511054000,34818
1732301095.511055000,66
1732301095.511074000,24682
1732301095.511092000,66
1732301095.511101000,31922
1732301095.511108000,66
1732301095.511129000,8754
1732301095.511129000,23234
1732301095.511136000,66
1732301095.511163000,40610
1732301095.511166000,66
1732301095.511200000,1514
1732301095.511200000,42058
1732301095.511207000,66
1732301095.511268000,23234
1732301095.511275000,66
1732301095.511291000,66
1732301095.511293000,65226
1732301095.511318000,4410
1732301095.511343000,60882
1732301095.511356000,66
1732301095.511378000,31922
1732301095.511402000,33370
1732301095.511404000,66
1732301095.511425000,66
1732301095.511437000,59434
1732301095.511447000,66
1732301095.511467000,5858
1732301095.511467000,18890
1732301095.511491000,39162
1732301095.511497000,66
1732301095.511514000,66
1732301095.511522000,26130
1732301095.511536000,66
1732301095.511543000,34818
1732301095.511553000,66
1732301095.511574000,30474
1732301095.511583000,66
1732301095.511597000,31922
1732301095.511604000,66
1732301095.511625000,33370
1732301095.511633000,66
1732301095.511650000,24682
1732301095.511663000,66
1732301095.511667000,26130
1732301095.511680000,66
1732301095.511686000,5858
1732301095.511686000,8754
1732301095.511695000,4258
1732301095.511696000,66
1732301095.511709000,66
1732301095.550128000,114
1732301095.550367000,20338
1732301095.550413000,44954
1732301095.550416000,66
1732301095.550444000,47850
1732301095.550458000,66
1732301095.550470000,17442
1732301095.550484000,66
1732301095.550494000,39162
1732301095.550496000,66
1732301095.550523000,26130
1732301095.550534000,66
1732301095.550541000,30474
1732301095.550550000,66
1732301095.550565000,29026
1732301095.550567000,66
1732301095.550596000,5858
1732301095.550598000,66
1732301095.550596000,29026
1732301095.550633000,36266
1732301095.550637000,66
1732301095.550658000,37714
1732301095.550671000,66
1732301095.550688000,27578
1732301095.550696000,66
1732301095.550716000,40610
1732301095.550717000,66
1732301095.550748000,24682
1732301095.550761000,66
1732301095.550768000,36266
1732301095.550778000,66
1732301095.550798000,29026
1732301095.550800000,66
1732301095.550819000,30474
1732301095.550829000,66
1732301095.550845000,31922
1732301095.550858000,66
1732301095.550870000,2962
1732301095.550870000,26130
1732301095.550875000,66
1732301095.550901000,66
1732301095.550906000,39162
1732301095.550929000,18890
1732301095.550948000,66
1732301095.550961000,66
1732301095.551047000,7306
1732301095.551062000,66
1732301095.551093000,53642
1732301095.551130000,4410
1732301095.551130000,39162
1732301095.551142000,66
1732301095.551151000,66
1732301095.551165000,26130
1732301095.551172000,66
1732301095.551185000,39162
1732301095.551189000,66
1732301095.551215000,26130
1732301095.551225000,66
1732301095.551231000,27578
1732301095.551241000,66
1732301095.551255000,29026
1732301095.551257000,66
1732301095.551286000,66
1732301095.551306000,8754
1732301095.551306000,49298
1732301095.551341000,15994
1732301095.551358000,46402
1732301095.551358000,66
1732301095.551372000,66
1732301095.551387000,18890
1732301095.551396000,66
1732301095.551405000,36266
1732301095.551410000,66
1732301095.551439000,29026
1732301095.551441000,66
1732301095.551466000,43506
1732301095.551472000,66
1732301095.551509000,21786
1732301095.551519000,66
1732301095.551552000,65226
1732301095.551553000,66
1732301095.551575000,5858
1732301095.551595000,57986
1732301095.551610000,66
1732301095.551628000,1514
1732301095.551628000,18890
1732301095.551640000,66
1732301095.551650000,44954
1732301095.551653000,66
1732301095.551679000,20338
1732301095.551693000,66
1732301095.551694000,30474
1732301095.551706000,66
1732301095.551717000,27578
1732301095.551722000,66
1732301095.551745000,66
1732301095.551752000,7306
1732301095.551752000,33370
1732301095.551785000,31922
1732301095.551792000,66
1732301095.551810000,36266
1732301095.551820000,66
1732301095.551837000,29026
1732301095.551841000,66
1732301095.551850000,4258
1732301095.551870000,66
1732301095.589033000,114
1732301095.589262000,27578
1732301095.589309000,37714
1732301095.589314000,66
1732301095.589338000,52194
1732301095.589352000,66
1732301095.589367000,13098
1732301095.589380000,66
1732301095.589387000,44954
1732301095.589393000,66
1732301095.589416000,20338
1732301095.589432000,31922
1732301095.589435000,66
1732301095.589450000,66
1732301095.589465000,33370
1732301095.589470000,66
1732301095.589488000,33370
1732301095.589505000,66
1732301095.589516000,31922
1732301095.589527000,66
1732301095.589532000,20338
1732301095.589547000,66
1732301095.589551000,21786
1732301095.589561000,66
1732301095.589570000,21786
1732301095.589574000,66
1732301095.589591000,66
1732301095.589593000,1514
1732301095.589593000,26130
1732301095.589626000,66
1732301095.589626000,39162
1732301095.589649000,27578
1732301095.589665000,66
1732301095.589672000,26130
1732301095.589683000,66
1732301095.589694000,11650
1732301095.589697000,66
1732301095.589706000,66
1732301095.589706000,29026
1732301095.589742000,36266
1732301095.589745000,66
1732301095.589772000,40610
1732301095.589788000,66
1732301095.589800000,24682
1732301095.589810000,66
1732301095.589813000,18890
1732301095.589825000,18890
1732301095.589825000,66
1732301095.589840000,66
1732301095.589846000,24682
1732301095.589851000,66
1732301095.589874000,66
1732301095.589880000,21786
1732301095.589905000,46402
1732301095.589905000,66
1732301095.589933000,18890
1732301095.589947000,66
1732301095.589952000,37714
1732301095.589960000,66
1732301095.589979000,27578
1732301095.589989000,66
1732301095.589996000,24682
1732301095.590005000,66
1732301095.590018000,26130
1732301095.590019000,66
1732301095.590047000,66
1732301095.590056000,14546
1732301095.590076000,66
1732301095.590088000,65226
1732301095.590113000,13098
1732301095.590131000,39162
1732301095.590145000,66
1732301095.590153000,13098
1732301095.590168000,30474
1732301095.590175000,66
1732301095.590199000,66
1732301095.590203000,34818
1732301095.590222000,29026
1732301095.590237000,66
1732301095.590246000,27578
1732301095.590254000,66
1732301095.590270000,66
1732301095.590308000,8754
1732301095.590309000,65226
1732301095.590342000,18890
1732301095.590359000,40610
1732301095.590370000,66
1732301095.590387000,5858
1732301095.590387000,27578
1732301095.590401000,66
1732301095.590419000,66
1732301095.590469000,37714
1732301095.590495000,55090
1732301095.590504000,66
1732301095.590538000,10202
1732301095.590538000,65226
1732301095.590544000,66
1732301095.590570000,17442
1732301095.590590000,47850
1732301095.590601000,66
1732301095.590612000,23082
1732301095.590613000,66
1732301095.590636000,66
1732301095.590649000,66
1732301095.651330000,114
1732301095.651412000,66
1732301095.698548000,114
1732301095.698634000,66
1732301095.743509000,114
1732301095.743593000,66
1732301095.800567000,114
1732301095.800657000,66
1732301097.631452000,114
1732301097.631767000,7306
1732301097.631767000,7306
1732301097.631816000,66
1732301097.631832000,66
1732301097.632439000,14546
1732301097.632465000,66
1732301097.632496000,14546
1732301097.632513000,66
1732301097.632861000,29026
1732301097.632895000,66
1732301097.632938000,7306
1732301097.632938000,21786
1732301097.632968000,66
1732301097.633002000,43506
1732301097.633019000,66
1732301097.633050000,14546
1732301097.633063000,66
1732301097.633073000,66
1732301097.633092000,34818
1732301097.633128000,15994
1732301097.633134000,66
1732301097.633149000,66
1732301097.633188000,27578
1732301097.633207000,7306
1732301097.633207000,57986
1732301097.633213000,78
1732301097.633244000,29026
1732301097.633265000,78
1732301097.633275000,78
1732301097.633288000,78
1732301097.633295000,1514
1732301097.633303000,7306
1732301097.633303000,29026
1732301097.633352000,33370
1732301097.633359000,66
1732301097.633415000,2962
1732301097.633415000,56538
1732301097.633457000,66
1732301097.633506000,8754
1732301097.633506000,65226
1732301097.633550000,66
1732301097.633578000,18890
1732301097.633628000,46402
1732301097.633634000,66
1732301097.633664000,66
1732301097.633687000,46402
1732301097.633712000,66
1732301097.633741000,26130
1732301097.633763000,66
1732301097.633771000,18890
1732301097.633771000,78
1732301097.633794000,78
1732301097.633839000,65226
1732301097.633885000,78
1732301097.633895000,8754
1732301097.633916000,15994
1732301097.633957000,78
1732301097.633967000,78
1732301097.633970000,65226
1732301097.634014000,78
1732301097.634027000,11650
1732301097.634038000,78
1732301097.634088000,56538
1732301097.634135000,78
1732301097.634161000,36266
1732301097.634198000,78
1732301097.634219000,53642
1732301097.634256000,78
1732301097.634283000,39162
1732301097.634311000,78
1732301097.634331000,29026
1732301097.634355000,78
1732301097.634380000,23234
1732301097.634406000,66
1732301097.634431000,26130
1732301097.634496000,65226
1732301097.634541000,1514
1732301097.634592000,63778
1732301097.634628000,66
1732301097.634650000,18890
1732301097.634669000,10202
1732301097.634721000,55090
1732301097.634772000,66
1732301097.634779000,78
1732301097.634779000,37714
1732301097.634787000,66
1732301097.634793000,66
1732301097.634841000,27578
1732301097.634859000,66
1732301097.634872000,66
1732301097.634918000,65226
1732301097.634965000,66
1732301097.634983000,13098
1732301097.635005000,11650
1732301097.635044000,78
1732301097.635051000,65226
1732301097.635095000,66
1732301097.635104000,2962
1732301097.635111000,66
1732301097.635163000,62330
1732301097.635208000,66
1732301097.635236000,27426
1732301097.635286000,66
1732301097.677966000,114
1732301097.678268000,49298
1732301097.678322000,66
1732301097.678339000,15994
1732301097.678349000,66
1732301097.678363000,39162
1732301097.678391000,26130
1732301097.678402000,66
1732301097.678413000,66
1732301097.678503000,10202
1732301097.678510000,66
1732301097.678523000,13098
1732301097.678531000,66
1732301097.678544000,36266
1732301097.678569000,66
1732301097.678597000,5858
1732301097.678619000,66
1732301097.678636000,18890
1732301097.678647000,66
1732301097.678682000,46402
1732301097.678703000,66
1732301097.678708000,2962
1732301097.678713000,66
1732301097.678737000,34818
1732301097.678754000,66
1732301097.678780000,27578
1732301097.678797000,13098
1732301097.678816000,23234
1732301097.678821000,66
1732301097.678847000,29026
1732301097.678854000,66
1732301097.678882000,66
1732301097.678905000,23234
1732301097.678942000,66
1732301097.678949000,42058
1732301097.679001000,39162
1732301097.679006000,66
1732301097.679036000,26130
1732301097.679053000,66
1732301097.679068000,21786
1732301097.679078000,66
1732301097.679097000,66
1732301097.679110000,43506
1732301097.679165000,66
1732301097.679180000,13098
1732301097.679208000,66
1732301097.679235000,52194
1732301097.679298000,66
1732301097.679370000,18890
1732301097.679402000,66
1732301097.679789000,15994
1732301097.679821000,66
1732301097.679854000,49298
1732301097.679887000,43506
1732301097.679910000,21786
1732301097.679921000,66
1732301097.679947000,65226
1732301097.679967000,66
1732301097.679978000,5858
1732301097.680004000,59434
1732301097.680019000,66
1732301097.680032000,66
1732301097.680039000,33370
1732301097.680063000,31922
1732301097.680073000,66
1732301097.680095000,49298
1732301097.680124000,66
1732301097.680129000,15994
1732301097.680158000,57986
1732301097.680166000,66
1732301097.680185000,66
1732301097.680204000,7306
1732301097.680204000,46402
1732301097.680227000,66
1732301097.680241000,18890
1732301097.680267000,55090
1732301097.680267000,66
1732301097.680287000,66
1732301097.680314000,10202
1732301097.680314000,44954
1732301097.680338000,66
1732301097.680357000,20338
1732301097.680373000,18890
1732301097.680380000,66
1732301097.680411000,66
1732301097.680481000,13098
1732301097.680513000,66
1732301097.680529000,52194
1732301097.680562000,40610
1732301097.680586000,24682
1732301097.680592000,66
1732301097.680606000,30474
1732301097.680636000,34818
1732301097.680640000,66
1732301097.680655000,21786
1732301097.680667000,66
1732301097.680682000,31922
1732301097.680703000,11650
1732301097.680707000,66
1732301097.680709000,4258
1732301097.680746000,66
1732301097.719578000,114
1732301097.719839000,31922
1732301097.719885000,33370
1732301097.719895000,66
1732301097.719925000,13098
1732301097.719939000,66
1732301097.719947000,26130
1732301097.719950000,66
1732301097.719978000,26130
1732301097.719982000,66
1732301097.720009000,66
1732301097.720067000,7306
1732301097.720083000,66
1732301097.720106000,46402
1732301097.720131000,11650
1732301097.720155000,66
1732301097.720167000,66
1732301097.720200000,7306
1732301097.720216000,66
1732301097.720243000,52194
1732301097.720273000,5858
1732301097.720312000,66
1732301097.720338000,65226
1732301097.720362000,2962
1732301097.720377000,17442
1732301097.720399000,66
1732301097.720413000,66
1732301097.720426000,44954
1732301097.720444000,5858
1732301097.720466000,24682
1732301097.720472000,66
1732301097.720488000,66
1732301097.720509000,34818
1732301097.720545000,66
1732301097.720557000,2962
1732301097.720569000,66
1732301097.720622000,62330
1732301097.720678000,66
1732301097.720711000,8754
1732301097.720728000,66
1732301097.720736000,29026
1732301097.720760000,27578
1732301097.720767000,66
1732301097.720785000,66
1732301097.720858000,8754
1732301097.720874000,66
1732301097.720898000,46402
1732301097.720924000,10202
1732301097.720941000,66
1732301097.720951000,66
1732301097.721028000,18890
1732301097.721051000,66
1732301097.721514000,8754
1732301097.721562000,66
1732301097.721567000,56538
1732301097.721597000,36266
1732301097.721619000,66
1732301097.721618000,29026
1732301097.721647000,34818
1732301097.721651000,66
1732301097.721667000,66
1732301097.721676000,30474
1732301097.721687000,66
1732301097.721695000,26130
1732301097.721706000,66
1732301097.721720000,30474
1732301097.721722000,66
1732301097.721752000,8754
1732301097.721755000,66
1732301097.721752000,29026
1732301097.721788000,36266
1732301097.721795000,66
1732301097.721815000,36266
1732301097.721825000,66
1732301097.721844000,29026
1732301097.721848000,66
1732301097.721863000,27578
1732301097.721876000,66
1732301097.721884000,26130
1732301097.721892000,66
1732301097.721912000,11650
1732301097.721916000,66
1732301097.721925000,66
1732301097.721928000,39162
1732301097.721960000,26130
1732301097.721970000,66
1732301097.721976000,30474
1732301097.721986000,66
1732301097.722002000,66
1732301097.722003000,31922
1732301097.722036000,66
1732301097.722043000,2962
1732301097.722043000,43506
1732301097.722084000,21786
1732301097.722098000,21786
1732301097.722109000,66
1732301097.722143000,66
1732301097.722359000,7306
1732301097.722381000,66
1732301097.722418000,57986
1732301097.722449000,34818
1732301097.722467000,30474
1732301097.722482000,66
1732301097.722485000,24682
1732301097.722508000,27578
1732301097.722525000,13098
1732301097.722527000,66
1732301097.722533000,17442
1732301097.722561000,31922
1732301097.722571000,66
1732301097.722582000,15994
1732301097.722587000,1362
1732301097.722608000,66
1732301097.722626000,66
1732301097.760172000,114
1732301097.760439000,65226
1732301097.760511000,27578
1732301097.760542000,66
1732301097.760545000,37714
1732301097.760578000,55090
1732301097.760628000,10202
1732301097.760628000,65226
1732301097.760646000,66
1732301097.760666000,17442
1732301097.760698000,47850
1732301097.760704000,66
1732301097.760717000,66
1732301097.760731000,44954
1732301097.760741000,66
1732301097.760758000,20338
1732301097.760776000,66
1732301097.760790000,66
1732301097.760793000,65226
1732301097.760828000,7306
1732301097.760855000,57986
1732301097.760877000,66
1732301097.760892000,34818
1732301097.760917000,30474
1732301097.760932000,66
1732301097.760960000,62330
1732301097.760975000,66
1732301097.760996000,2962
1732301097.760996000,23234
1732301097.761021000,66
1732301097.761035000,65226
1732301097.761042000,66
1732301097.761059000,1514
1732301097.761093000,63778
1732301097.761108000,66
1732301097.761124000,29026
1732301097.761151000,36266
1732301097.761152000,66
1732301097.761178000,66
1732301097.761184000,56538
1732301097.761205000,66
1732301097.761242000,8754
1732301097.761242000,65226
1732301097.761247000,66
1732301097.761278000,18890
1732301097.761307000,46402
1732301097.761319000,66
1732301097.761340000,46402
1732301097.761363000,66
1732301097.761364000,18890
1732301097.761396000,66
1732301097.761397000,65226
1732301097.761414000,66
1732301097.761423000,8754
1732301097.761452000,56538
1732301097.761454000,66
1732301097.761468000,66
1732301097.761486000,36266
1732301097.761503000,66
1732301097.761510000,29026
1732301097.761531000,66
1732301097.761531000,27578
1732301097.761553000,66
1732301097.761560000,34818
1732301097.761582000,66
1732301097.761603000,2962
1732301097.761603000,47850
1732301097.761607000,66
1732301097.761633000,17442
1732301097.761652000,39162
1732301097.761659000,66
1732301097.761678000,26130
1732301097.761696000,26130
1732301097.761698000,66
1732301097.761720000,27578
1732301097.761720000,66
1732301097.761739000,11650
1732301097.761742000,66
1732301097.761747000,18738
1732301097.761773000,66
1732301097.761790000,66
1732301097.818660000,114
1732301097.860390000,66
1732301097.867288000,114
1732301097.867379000,66
1732301097.924485000,114
1732301097.924572000,66
1732301097.972764000,114
1732301097.972852000,66
1732301099.802821000,114
1732301099.803111000,7306
1732301099.803111000,7306
1732301099.803154000,66
1732301099.803167000,66
1732301099.803809000,14546
1732301099.803834000,66
1732301099.803858000,14546
1732301099.803875000,66
1732301099.804204000,29026
1732301099.804238000,66
1732301099.804275000,7306
1732301099.804275000,21786
1732301099.804303000,66
1732301099.804312000,66
1732301099.804339000,34818
1732301099.804397000,8754
1732301099.804397000,14546
1732301099.804403000,66
1732301099.804427000,14546
1732301099.804434000,66
1732301099.804446000,66
1732301099.804460000,36266
1732301099.804496000,7306
1732301099.804496000,11650
1732301099.804518000,66
1732301099.804525000,66
1732301099.804532000,66
1732301099.804544000,46402
1732301099.804584000,11650
1732301099.804587000,66
1732301099.804597000,66
1732301099.804633000,34818
1732301099.804659000,66
1732301099.804677000,11650
1732301099.804699000,66
1732301099.804706000,7306
1732301099.804706000,21786
1732301099.804728000,66
1732301099.804763000,43506
1732301099.804782000,66
1732301099.804803000,8754
1732301099.804829000,20338
1732301099.804847000,66
1732301099.804854000,14546
1732301099.804878000,21786
1732301099.804884000,66
1732301099.804919000,36266
1732301099.804928000,66
1732301099.804970000,29026
1732301099.805000000,66
1732301099.805014000,29026
1732301099.805037000,66
1732301099.805047000,23234
1732301099.805070000,11650
1732301099.805073000,66
1732301099.805117000,66
1732301099.805126000,1514
1732301099.805126000,56538
1732301099.805191000,8754
1732301099.805191000,14546
1732301099.805221000,11650
1732301099.805242000,66
1732301099.805259000,2962
1732301099.805259000,36266
1732301099.805291000,66
1732301099.805321000,7306
1732301099.805321000,46402
1732301099.805340000,66
1732301099.805370000,11650
1732301099.805418000,65226
1732301099.805423000,66
1732301099.805444000,66
1732301099.805470000,15994
1732301099.805515000,49298
1732301099.805531000,66
1732301099.805559000,66
1732301099.805580000,43506
1732301099.805607000,66
1732301099.805629000,21786
1732301099.805655000,66
1732301099.805681000,65226
1732301099.805684000,66
1732301099.805728000,5858
1732301099.805773000,59434
1732301099.805801000,66
1732301099.805833000,33370
1732301099.805868000,66
1732301099.805878000,31922
1732301099.805908000,66
1732301099.805933000,60882
1732301099.805943000,66
1732301099.806018000,4410
1732301099.806018000,65226
1732301099.806040000,66
1732301099.806084000,23234
1732301099.806128000,42058
1732301099.806137000,66
1732301099.806168000,66
1732301099.806187000,50746
1732301099.806212000,66
1732301099.806234000,14546
1732301099.806275000,66
1732301099.806280000,65226
1732301099.806297000,66
1732301099.806334000,13098
1732301099.806376000,52194
1732301099.806392000,66
1732301099.806414000,66
1732301099.806422000,27426
1732301099.806465000,66
1732301099.806496000,66
1732301099.848784000,114
1732301099.849061000,65226
1732301099.849135000,27578
1732301099.849165000,66
1732301099.849169000,37714
1732301099.849210000,55090
1732301099.849225000,66
1732301099.849268000,10202
1732301099.849268000,65226
1732301099.849295000,66
1732301099.849305000,17442
1732301099.849335000,47850
1732301099.849350000,66
1732301099.849371000,44954
1732301099.849397000,20338
1732301099.849397000,66
1732301099.849432000,66
1732301099.849436000,65226
1732301099.849451000,66
1732301099.849463000,7306
1732301099.849513000,57986
1732301099.849519000,66
1732301099.849532000,66
1732301099.849553000,34818
1732301099.849579000,66
1732301099.849584000,30474
1732301099.849611000,66
1732301099.849624000,62330
1732301099.849639000,66
1732301099.849661000,2962
1732301099.849661000,26130
1732301099.849687000,66
1732301099.849714000,66
1732301099.849793000,18890
1732301099.849822000,33370
1732301099.849830000,66
1732301099.849851000,13098
1732301099.849859000,66
1732301099.849875000,66
1732301099.849879000,55090
1732301099.849934000,10202
1732301099.849934000,53642
1732301099.849946000,66
1732301099.849973000,11650
1732301099.850006000,65226
1732301099.850006000,66
1732301099.850023000,66
1732301099.850039000,15994
1732301099.850075000,49298
1732301099.850083000,66
1732301099.850102000,66
1732301099.850106000,43506
1732301099.850130000,21786
1732301099.850138000,66
1732301099.850162000,46402
1732301099.850194000,66
1732301099.850196000,18890
1732301099.850221000,65226
1732301099.850230000,66
1732301099.850246000,8754
1732301099.850250000,66
1732301099.850265000,42058
1732301099.850290000,14546
1732301099.850303000,66
1732301099.850313000,42058
1732301099.850344000,23234
1732301099.850346000,66
1732301099.850360000,26130
1732301099.850377000,27578
1732301099.850380000,66
1732301099.850401000,27578
1732301099.850426000,10202
1732301099.850426000,18890
1732301099.850436000,66
1732301099.850456000,36266
1732301099.850480000,66
1732301099.850484000,10202
1732301099.850484000,21786
1732301099.850509000,66
1732301099.850512000,31922
1732301099.850528000,11650
1732301099.850537000,66
1732301099.850538000,20338
1732301099.850558000,23234
1732301099.850571000,66
1732301099.850576000,11498
1732301099.850605000,66
1732301099.850619000,66
1732301099.889461000,114
1732301099.889738000,65226
1732301099.889806000,27578
1732301099.889832000,37714
1732301099.889847000,66
1732301099.889869000,55090
1732301099.889919000,66
1732301099.889921000,10202
1732301099.889921000,65226
1732301099.889949000,66
1732301099.889958000,66
1732301099.889961000,17442
1732301099.889989000,66
1732301099.889993000,47850
1732301099.890001000,66
1732301099.890036000,44954
1732301099.890042000,66
1732301099.890068000,20338
1732301099.890084000,66
1732301099.890101000,66
1732301099.890110000,65226
1732301099.890137000,7306
1732301099.890180000,57986
1732301099.890192000,66
1732301099.890202000,66
1732301099.890214000,34818
1732301099.890232000,66
1732301099.890239000,30474
1732301099.890252000,66
1732301099.890269000,66
1732301099.890276000,62330
1732301099.890312000,2962
1732301099.890312000,26130
1732301099.890349000,66
1732301099.890375000,66
1732301099.890388000,14546
1732301099.890414000,30474
1732301099.890418000,66
1732301099.890443000,20338
1732301099.890449000,66
1732301099.890468000,42058
1732301099.890469000,66
1732301099.890501000,23234
1732301099.890520000,66
1732301099.890528000,49298
1732301099.890542000,66
1732301099.890561000,15994
1732301099.890576000,66
1732301099.890593000,66
1732301099.890596000,63778
1732301099.890652000,1514
1732301099.890653000,63778
1732301099.890666000,66
1732301099.890714000,1514
1732301099.890714000,65226
1732301099.890730000,66
1732301099.890748000,26130
1732301099.890779000,39162
1732301099.890783000,66
1732301099.890806000,66
1732301099.890812000,53642
1732301099.890835000,66
1732301099.890835000,11650
1732301099.890867000,50746
1732301099.890906000,14546
1732301099.890907000,66
1732301099.890929000,63778
1732301099.890951000,66
1732301099.890953000,14546
1732301099.890969000,31922
1732301099.890989000,18890
1732301099.890993000,66
1732301099.891002000,20338
1732301099.891025000,27578
1732301099.891038000,66
1732301099.891046000,17442
1732301099.891059000,21786
1732301099.891074000,66
1732301099.891077000,20338
1732301099.891097000,23234
1732301099.891104000,66
1732301099.891111000,17442
1732301099.891130000,21786
1732301099.891134000,66
1732301099.891150000,23234
1732301099.891163000,66
1732301099.891171000,2962
1732301099.891171000,17290
1732301099.891182000,66
1732301099.891199000,66
1732301099.928544000,114
1732301099.928804000,42058
1732301099.928873000,23234
1732301099.928878000,66
1732301099.928908000,65226
1732301099.928918000,66
1732301099.928932000,4410
1732301099.928966000,60882
1732301099.928970000,66
1732301099.929005000,31922
1732301099.929026000,66
1732301099.929038000,33370
1732301099.929046000,66
1732301099.929071000,66
1732301099.929085000,59434
1732301099.929143000,5858
1732301099.929143000,65226
1732301099.929167000,66
1732301099.929183000,21786
1732301099.929214000,43506
1732301099.929223000,66
1732301099.929251000,66
1732301099.929265000,49298
1732301099.929283000,66
1732301099.929289000,15994
1732301099.929317000,66
1732301099.929322000,65226
1732301099.929333000,66
1732301099.929349000,11650
1732301099.929377000,53642
1732301099.929390000,66
1732301099.929409000,29026
1732301099.929424000,10202
1732301099.929433000,66
1732301099.929452000,55090
1732301099.929462000,66
1732301099.929488000,37714
1732301099.929511000,66
1732301099.929515000,27578
1732301099.929539000,66
1732301099.929548000,63778
1732301099.929560000,66
1732301099.929611000,1514
1732301099.929611000,65226
1732301099.929613000,66
1732301099.929648000,26130
1732301099.929675000,39162
1732301099.929683000,66
1732301099.929713000,53642
1732301099.929728000,66
1732301099.929741000,11650
1732301099.929766000,66
1732301099.929774000,65226
1732301099.929781000,66
1732301099.929802000,15994
1732301099.929830000,49298
1732301099.929840000,66
1732301099.929864000,43506
1732301099.929883000,66
1732301099.929890000,21786
1732301099.929905000,26130
1732301099.929914000,66
1732301099.929930000,29026
1732301099.929954000,66
1732301099.929962000,10202
1732301099.929962000,27578
1732301099.929977000,66
1732301099.929996000,37714
1732301099.930003000,66
1732301099.930022000,33370
1732301099.930031000,66
1732301099.930051000,31922
1732301099.930056000,66
1732301099.930067000,21786
1732301099.930085000,66
1732301099.930089000,26130
1732301099.930103000,66
1732301099.930109000,17442
1732301099.930118000,15994
1732301099.930124000,66
1732301099.930137000,21786
1732301099.930149000,66
1732301099.930159000,27578
1732301099.930167000,66
1732301099.930174000,12946
1732301099.930190000,66
1732301099.930203000,66
1732301099.986981000,114
1732301099.987065000,66
1732301100.034616000,114
1732301100.034699000,66
1732301100.090609000,114
1732301100.090695000,66
1732301100.138688000,114
1732301100.138775000,66
1732301101.971415000,114
1732301101.971731000,7306
1732301101.971731000,7306
1732301101.971779000,66
1732301101.971795000,66
1732301101.972410000,14546
1732301101.972436000,66
1732301101.972462000,14546
1732301101.972478000,66
1732301101.972818000,29026
1732301101.972847000,66
1732301101.972877000,7306
1732301101.972877000,21786
1732301101.972902000,66
1732301101.972924000,66
1732301101.972963000,34818
1732301101.972990000,66
1732301101.973014000,8754
1732301101.973014000,14546
1732301101.973023000,17442
1732301101.973035000,66
1732301101.973061000,66
1732301101.973069000,33370
1732301101.973078000,78
1732301101.973095000,7306
1732301101.973095000,57986
1732301101.973105000,66
1732301101.973157000,10202
1732301101.973165000,66
1732301101.973175000,66
1732301101.973183000,66
1732301101.973203000,1514
1732301101.973204000,46402
1732301101.973256000,66
1732301101.973269000,7306
1732301101.973269000,37714
1732301101.973294000,34818
1732301101.973315000,66
1732301101.973318000,27578
1732301101.973327000,78
1732301101.973351000,24682
1732301101.973375000,5858
1732301101.973378000,78
1732301101.973375000,65226
1732301101.973386000,66
1732301101.973439000,21786
1732301101.973475000,66
1732301101.973494000,43506
1732301101.973554000,49298
1732301101.973568000,66
1732301101.973600000,15994
1732301101.973617000,66
1732301101.973652000,65226
1732301101.973679000,66
1732301101.973704000,11650
1732301101.973753000,53642
1732301101.973784000,66
1732301101.973811000,39162
1732301101.973843000,66
1732301101.973859000,26130
1732301101.973887000,66
1732301101.973913000,65226
1732301101.973916000,66
1732301101.973959000,1514
1732301101.974007000,63778
1732301101.974032000,66
1732301101.974071000,29026
1732301101.974117000,36266
1732301101.974123000,66
1732301101.974159000,66
1732301101.974178000,56538
1732301101.974199000,66
1732301101.974270000,8754
1732301101.974270000,65226
1732301101.974287000,66
1732301101.974336000,18890
1732301101.974378000,46402
1732301101.974405000,66
1732301101.974435000,46402
1732301101.974473000,66
1732301101.974477000,18890
1732301101.974522000,66
1732301101.974531000,65226
1732301101.974546000,66
1732301101.974566000,8754
1732301101.974629000,66
1732301101.974630000,56538
1732301101.974648000,66
1732301101.974694000,36266
1732301101.974735000,66
1732301101.974739000,29026
1732301101.974777000,66
1732301101.974796000,63778
1732301101.974808000,66
1732301101.974863000,1514
1732301101.974863000,27426
1732301101.974905000,66
1732301101.974942000,66
1732301102.017681000,114
1732301102.017955000,63778
1732301102.018060000,66
1732301102.018061000,1514
1732301102.018061000,65226
1732301102.018104000,26130
1732301102.018141000,39162
1732301102.018145000,66
1732301102.018163000,66
1732301102.018187000,53642
1732301102.018189000,66
1732301102.018223000,11650
1732301102.018255000,66
1732301102.018267000,65226
1732301102.018268000,66
1732301102.018300000,15994
1732301102.018331000,49298
1732301102.018355000,66
1732301102.018369000,66
1732301102.018379000,43506
1732301102.018399000,66
1732301102.018409000,21786
1732301102.018439000,66
1732301102.018457000,65226
1732301102.018460000,66
1732301102.018488000,5858
1732301102.018522000,59434
1732301102.018539000,66
1732301102.018563000,33370
1732301102.018582000,66
1732301102.018590000,31922
1732301102.018611000,66
1732301102.018620000,31922
1732301102.018637000,66
1732301102.018663000,66
1732301102.018703000,33370
1732301102.018760000,31922
1732301102.018765000,66
1732301102.018805000,60882
1732301102.018809000,66
1732301102.018863000,4410
1732301102.018864000,65226
1732301102.018880000,66
1732301102.018905000,23234
1732301102.018935000,42058
1732301102.018962000,66
1732301102.018988000,50746
1732301102.019011000,66
1732301102.019018000,14546
1732301102.019051000,66
1732301102.019053000,65226
1732301102.019072000,66
1732301102.019090000,13098
1732301102.019123000,52194
1732301102.019141000,66
1732301102.019159000,40610
1732301102.019187000,66
1732301102.019188000,24682
1732301102.019219000,66
1732301102.019225000,65226
1732301102.019239000,66
1732301102.019252000,2962
1732301102.019276000,62330
1732301102.019302000,66
1732301102.019307000,30474
1732301102.019341000,1514
1732301102.019341000,65226
1732301102.019346000,66
1732301102.019372000,66
1732301102.019373000,26130
1732301102.019398000,34818
1732301102.019418000,66
1732301102.019428000,4410
1732301102.019428000,53642
1732301102.019455000,11650
1732301102.019463000,66
1732301102.019473000,43354
1732301102.019512000,66
1732301102.019545000,66
1732301102.058436000,114
1732301102.058701000,43506
1732301102.058758000,21786
1732301102.058771000,66
1732301102.058794000,65226
1732301102.058811000,66
1732301102.058817000,5858
1732301102.058846000,59434
1732301102.058855000,66
1732301102.058891000,33370
1732301102.058915000,31922
1732301102.058930000,66
1732301102.058950000,60882
1732301102.058976000,66
1732301102.058999000,4410
1732301102.058999000,65226
1732301102.059016000,66
1732301102.059042000,23234
1732301102.059082000,42058
1732301102.059092000,66
1732301102.059122000,50746
1732301102.059137000,66
1732301102.059162000,14546
1732301102.059188000,66
1732301102.059192000,65226
1732301102.059205000,66
1732301102.059222000,13098
1732301102.059253000,52194
1732301102.059279000,66
1732301102.059285000,31922
1732301102.059317000,66
1732301102.059342000,66
1732301102.059451000,65226
1732301102.059487000,27578
1732301102.059511000,37714
1732301102.059527000,66
1732301102.059546000,55090
1732301102.059574000,66
1732301102.059593000,10202
1732301102.059593000,65226
1732301102.059613000,66
1732301102.059630000,17442
1732301102.059656000,47850
1732301102.059666000,66
1732301102.059685000,66
1732301102.059689000,44954
1732301102.059705000,8754
1732301102.059705000,8754
1732301102.059711000,11650
1732301102.059719000,66
1732301102.059742000,43506
1732301102.059765000,13098
1732301102.059770000,66
1732301102.059786000,39162
1732301102.059814000,66
1732301102.059818000,26130
1732301102.059840000,36266
1732301102.059846000,66
1732301102.059872000,29026
1732301102.059888000,29026
1732301102.059898000,66
1732301102.059914000,30474
1732301102.059938000,5858
1732301102.059940000,66
1732301102.059938000,1514
1732301102.059938000,20338
1732301102.059966000,66
1732301102.059968000,34818
1732301102.059989000,66
1732301102.059998000,10202
1732301102.059998000,26130
1732301102.060015000,66
1732301102.060028000,34818
1732301102.060050000,66
1732301102.060073000,4410
1732301102.060073000,47850
1732301102.060077000,66
1732301102.060105000,17442
1732301102.060125000,44954
1732301102.060136000,66
1732301102.060154000,20338
1732301102.060165000,8602
1732301102.060180000,66
1732301102.060205000,66
1732301102.097613000,114
1732301102.097860000,31922
1732301102.097907000,66
1732301102.097913000,33370
1732301102.097947000,66
1732301102.097949000,59434
1732301102.098005000,5858
1732301102.098006000,66
1732301102.098005000,65226
1732301102.098044000,21786
1732301102.098071000,66
1732301102.098074000,43506
1732301102.098086000,66
1732301102.098113000,49298
1732301102.098113000,66
1732301102.098142000,15994
1732301102.098163000,66
1732301102.098176000,66
1732301102.098182000,65226
1732301102.098207000,11650
1732301102.098233000,53642
1732301102.098243000,66
1732301102.098254000,66
1732301102.098266000,39162
1732301102.098281000,66
1732301102.098290000,26130
1732301102.098303000,66
1732301102.098318000,66
1732301102.098319000,50746
1732301102.098362000,14546
1732301102.098376000,66
1732301102.098387000,66
1732301102.098396000,65226
1732301102.098422000,13098
1732301102.098439000,23234
1732301102.098452000,66
1732301102.098473000,66
1732301102.098518000,7306
1732301102.098533000,66
1732301102.098550000,37714
1732301102.098579000,20338
1732301102.098587000,66
1732301102.098601000,66
1732301102.098602000,40610
1732301102.098635000,24682
1732301102.098641000,66
1732301102.098658000,66
1732301102.098664000,47850
1732301102.098695000,17442
1732301102.098707000,66
1732301102.098720000,66
1732301102.098721000,50746
1732301102.098752000,14546
1732301102.098769000,66
1732301102.098780000,66
1732301102.098783000,57986
1732301102.098835000,66
1732301102.098839000,7306
1732301102.098839000,57986
1732301102.098897000,66
1732301102.098900000,7306
1732301102.098900000,65226
1732301102.098935000,20338
1732301102.098960000,44954
1732301102.098965000,66
1732301102.098979000,66
1732301102.098984000,33370
1732301102.099002000,66
1732301102.099012000,31922
1732301102.099019000,66
1732301102.099045000,37714
1732301102.099056000,66
1732301102.099071000,27578
1732301102.099076000,66
1732301102.099090000,27578
1732301102.099098000,66
1732301102.099114000,66
1732301102.099115000,8754
1732301102.099115000,20338
1732301102.099145000,66
1732301102.099149000,40610
1732301102.099184000,4410
1732301102.099184000,36266
1732301102.099187000,66
1732301102.099214000,29026
1732301102.099222000,66
1732301102.099239000,66
1732301102.099239000,36266
1732301102.099269000,29026
1732301102.099275000,66
1732301102.099288000,29026
1732301102.099294000,66
1732301102.099308000,5706
1732301102.099317000,66
1732301102.099324000,66
1732301102.157128000,114
1732301102.157226000,66
1732301102.203214000,114
1732301102.203298000,66
1732301102.257792000,114
1732301102.257878000,66
1732301102.305428000,114
1732301102.305516000,66
1732301104.140478000,114
1732301104.140779000,7306
1732301104.140779000,7306
1732301104.140823000,66
1732301104.140841000,66
1732301104.141484000,14546
1732301104.141509000,66
1732301104.141532000,14546
1732301104.141549000,66
1732301104.141899000,29026
1732301104.141934000,66
1732301104.141971000,7306
1732301104.141972000,21786
1732301104.142001000,66
1732301104.142012000,66
1732301104.142077000,43506
1732301104.142109000,66
1732301104.142153000,49298
1732301104.142186000,66
1732301104.142205000,8754
1732301104.142205000,7306
1732301104.142265000,66
1732301104.142269000,7306
1732301104.142269000,57986
1732301104.142319000,66
1732301104.142328000,66
1732301104.142341000,11650
1732301104.142364000,17442
1732301104.142396000,36266
1732301104.142404000,66
1732301104.142413000,66
1732301104.142444000,39162
1732301104.142448000,66
1732301104.142487000,66
1732301104.142488000,23234
1732301104.142530000,66
1732301104.142544000,2962
1732301104.142544000,65226
1732301104.142591000,66
1732301104.142605000,1514
1732301104.142655000,63778
1732301104.142675000,66
1732301104.142716000,29026
1732301104.142760000,36266
1732301104.142767000,66
1732301104.142804000,66
1732301104.142817000,56538
1732301104.142840000,66
1732301104.142909000,8754
1732301104.142909000,65226
1732301104.142924000,66
1732301104.142973000,18890
1732301104.143018000,46402
1732301104.143036000,66
1732301104.143065000,66
1732301104.143073000,46402
1732301104.143113000,66
1732301104.143124000,18890
1732301104.143161000,66
1732301104.143180000,65226
1732301104.143186000,66
1732301104.143229000,8754
1732301104.143278000,56538
1732301104.143297000,66
1732301104.143319000,66
1732301104.143340000,36266
1732301104.143380000,66
1732301104.143405000,29026
1732301104.143423000,66
1732301104.143456000,66
1732301104.143460000,63778
1732301104.143548000,1514
1732301104.143549000,65226
1732301104.143571000,66
1732301104.143613000,26130
1732301104.143658000,39162
1732301104.143665000,66
1732301104.143699000,66
1732301104.143711000,53642
1732301104.143741000,66
1732301104.143756000,11650
1732301104.143794000,66
1732301104.143802000,65226
1732301104.143814000,66
1732301104.143858000,15994
1732301104.143904000,49298
1732301104.143913000,66
1732301104.143938000,66
1732301104.143961000,43506
1732301104.143988000,66
1732301104.144003000,21786
1732301104.144035000,66
1732301104.144054000,65226
1732301104.144060000,66
1732301104.144102000,5858
1732301104.144131000,21634
1732301104.144173000,66
1732301104.144203000,66
1732301104.186922000,114
1732301104.187199000,65226
1732301104.187283000,27578
1732301104.187327000,37714
1732301104.187328000,66
1732301104.187365000,55090
1732301104.187419000,10202
1732301104.187419000,65226
1732301104.187436000,66
1732301104.187460000,17442
1732301104.187482000,66
1732301104.187490000,47850
1732301104.187526000,44954
1732301104.187543000,66
1732301104.187552000,20338
1732301104.187604000,65226
1732301104.187616000,66
1732301104.187631000,7306
1732301104.187637000,66
1732301104.187661000,57986
1732301104.187684000,66
1732301104.187697000,34818
1732301104.187725000,66
1732301104.187726000,30474
1732301104.187754000,66
1732301104.187765000,62330
1732301104.187777000,66
1732301104.187814000,2962
1732301104.187814000,44954
1732301104.187843000,66
1732301104.187880000,66
1732301104.187944000,20338
1732301104.187982000,44954
1732301104.187982000,66
1732301104.188022000,46402
1732301104.188042000,66
1732301104.188055000,18890
1732301104.188079000,66
1732301104.188091000,62330
1732301104.188099000,66
1732301104.188152000,2962
1732301104.188152000,65226
1732301104.188169000,66
1732301104.188189000,24682
1732301104.188214000,40610
1732301104.188222000,66
1732301104.188244000,46402
1732301104.188278000,66
1732301104.188281000,18890
1732301104.188301000,47850
1732301104.188315000,66
1732301104.188369000,17442
1732301104.188383000,66
1732301104.188396000,65226
1732301104.188402000,66
1732301104.188425000,10202
1732301104.188449000,55090
1732301104.188479000,37714
1732301104.188482000,66
1732301104.188504000,27578
1732301104.188523000,66
1732301104.188527000,44954
1732301104.188549000,20338
1732301104.188568000,36266
1732301104.188570000,66
1732301104.188603000,8754
1732301104.188604000,33370
1732301104.188619000,66
1732301104.188636000,31922
1732301104.188662000,36266
1732301104.188677000,66
1732301104.188691000,26130
1732301104.188707000,2962
1732301104.188707000,17290
1732301104.188729000,66
1732301104.188770000,66
1732301104.227422000,114
1732301104.227629000,47850
1732301104.227676000,17442
1732301104.227688000,66
1732301104.227714000,65226
1732301104.227729000,66
1732301104.227740000,10202
1732301104.227766000,66
1732301104.227769000,55090
1732301104.227775000,66
1732301104.227805000,37714
1732301104.227821000,66
1732301104.227831000,27578
1732301104.227842000,66
1732301104.227859000,66
1732301104.227869000,65226
1732301104.227921000,65226
1732301104.227928000,66
1732301104.227956000,27578
1732301104.227981000,66
1732301104.227982000,37714
1732301104.227998000,66
1732301104.228016000,46402
1732301104.228019000,66
1732301104.228051000,18890
1732301104.228061000,66
1732301104.228074000,66
1732301104.228081000,59434
1732301104.228152000,66
1732301104.228158000,5858
1732301104.228158000,65226
1732301104.228202000,21786
1732301104.228223000,23234
1732301104.228229000,66
1732301104.228261000,66
1732301104.228297000,26130
1732301104.228338000,66
1732301104.228338000,39162
1732301104.228375000,52194
1732301104.228380000,66
1732301104.228407000,13098
1732301104.228424000,66
1732301104.228435000,66
1732301104.228436000,59434
1732301104.228490000,66
1732301104.228496000,5858
1732301104.228496000,63778
1732301104.228557000,1514
1732301104.228557000,65226
1732301104.228561000,66
1732301104.228595000,26130
1732301104.228620000,66
1732301104.228622000,39162
1732301104.228636000,66
1732301104.228657000,66
1732301104.228659000,53642
1732301104.228688000,11650
1732301104.228711000,66
1732301104.228718000,63778
1732301104.228721000,66
1732301104.228776000,66
1732301104.228777000,1514
1732301104.228777000,65226
1732301104.228810000,26130
1732301104.228850000,39162
1732301104.228855000,66
1732301104.228873000,66
1732301104.228880000,53642
1732301104.228893000,66
1732301104.228904000,11650
1732301104.228923000,43506
1732301104.228929000,66
1732301104.228940000,66
1732301104.228950000,21786
1732301104.228965000,66
1732301104.228968000,31922
1732301104.228980000,66
1732301104.228995000,31922
1732301104.228998000,66
1732301104.229020000,1514
1732301104.229021000,27578
1732301104.229029000,66
1732301104.229062000,34666
1732301104.229064000,66
1732301104.229097000,66
1732301104.266353000,114
1732301104.266585000,47850
1732301104.266637000,17442
1732301104.266646000,66
1732301104.266677000,65226
1732301104.266686000,66
1732301104.266704000,10202
1732301104.266734000,55090
1732301104.266735000,66
1732301104.266745000,66
1732301104.266769000,37714
1732301104.266783000,66
1732301104.266796000,27578
1732301104.266805000,66
1732301104.266820000,66
1732301104.266837000,65226
1732301104.266885000,65226
1732301104.266893000,66
1732301104.266920000,27578
1732301104.266941000,66
1732301104.266946000,37714
1732301104.266958000,66
1732301104.266978000,66
1732301104.266987000,55090
1732301104.267039000,66
1732301104.267044000,10202
1732301104.267044000,65226
1732301104.267100000,17442
1732301104.267128000,47850
1732301104.267134000,66
1732301104.267148000,66
1732301104.267160000,44954
1732301104.267173000,66
1732301104.267201000,66
1732301104.267204000,65226
1732301104.267236000,27578
1732301104.267261000,66
1732301104.267264000,37714
1732301104.267278000,66
1732301104.267297000,66
1732301104.267298000,55090
1732301104.267341000,10202
1732301104.267341000,43506
1732301104.267348000,66
1732301104.267378000,21786
1732301104.267389000,66
1732301104.267403000,66
1732301104.267410000,59434
1732301104.267463000,66
1732301104.267467000,5858
1732301104.267467000,60882
1732301104.267526000,66
1732301104.267527000,4410
1732301104.267527000,65226
1732301104.267561000,23234
1732301104.267584000,31922
1732301104.267587000,66
1732301104.267604000,66
1732301104.267616000,50746
1732301104.267621000,66
1732301104.267648000,14546
1732301104.267663000,66
1732301104.267674000,66
1732301104.267683000,65226
1732301104.267712000,13098
1732301104.267731000,42058
1732301104.267743000,66
1732301104.267786000,10202
1732301104.267786000,55090
1732301104.267793000,66
1732301104.267824000,10202
1732301104.267824000,17442
1732301104.267841000,66
1732301104.267845000,42058
1732301104.267858000,66
1732301104.267872000,5858
1732301104.267872000,26130
1732301104.267880000,66
1732301104.267901000,34818
1732301104.267906000,66
1732301104.267923000,4410
1732301104.267923000,7154
1732301104.267936000,66
1732301104.267945000,66
1732301104.325060000,114
1732301104.368382000,66
1732301104.372895000,114
1732301104.372984000,66
1732301104.418038000,114
1732301104.418092000,66
1732301104.466874000,114
1732301104.466938000,66
1732301106.309066000,114
1732301106.309363000,7306
1732301106.309363000,7306
1732301106.309406000,66
1732301106.309419000,66
1732301106.310086000,14546
1732301106.310111000,66
1732301106.310135000,14546
1732301106.310151000,66
1732301106.310466000,29026
1732301106.310500000,66
1732301106.310535000,7306
1732301106.310535000,21786
1732301106.310564000,66
1732301106.310573000,66
1732301106.310588000,15994
1732301106.310612000,27578
1732301106.310640000,66
1732301106.310650000,14546
1732301106.310655000,66
1732301106.310672000,66
1732301106.310696000,14546
1732301106.310737000,36266
1732301106.310738000,66
1732301106.310765000,66
1732301106.310805000,7306
1732301106.310805000,31922
1732301106.310838000,66
1732301106.310849000,66
1732301106.310870000,26130
1732301106.310902000,66
1732301106.310910000,27578
1732301106.310938000,66
1732301106.310951000,1514
1732301106.310951000,29026
1732301106.310983000,66
1732301106.311012000,7306
1732301106.311012000,21786
1732301106.311035000,66
1732301106.311072000,33370
1732301106.311083000,66
1732301106.311128000,10202
1732301106.311128000,29026
1732301106.311142000,66
1732301106.311178000,14546
1732301106.311203000,21786
1732301106.311218000,66
1732301106.311233000,17442
1732301106.311265000,66
1732301106.311265000,24682
1732301106.311291000,66
1732301106.311297000,23234
1732301106.311323000,66
1732301106.311326000,29026
1732301106.311354000,66
1732301106.311356000,15994
1732301106.311381000,20338
1732301106.311390000,66
1732301106.311403000,18890
1732301106.311432000,66
1732301106.311444000,46402
1732301106.311458000,66
1732301106.311482000,7306
1732301106.311509000,7306
1732301106.311510000,14546
1732301106.311542000,66
1732301106.311550000,36266
1732301106.311573000,66
1732301106.311590000,4410
1732301106.311593000,7306
1732301106.311590000,42058
1732301106.311594000,27578
1732301106.311614000,66
1732301106.311632000,66
1732301106.311642000,78
1732301106.311644000,30474
1732301106.311651000,78
1732301106.311662000,23234
1732301106.311693000,78
1732301106.311700000,78
1732301106.311706000,62330
1732301106.311723000,65226
1732301106.311755000,78
1732301106.311772000,78
1732301106.311781000,4410
1732301106.311805000,2962
1732301106.311805000,65226
1732301106.311832000,60882
1732301106.311838000,78
1732301106.311858000,78
1732301106.311869000,78
1732301106.311889000,24682
1732301106.311893000,31922
1732301106.311939000,40610
1732301106.311940000,78
1732301106.311941000,33370
1732301106.311949000,78
1732301106.311954000,78
1732301106.311984000,30474
1732301106.311989000,78
1732301106.311996000,78
1732301106.312009000,52194
1732301106.312013000,11650
1732301106.312035000,17442
1732301106.312042000,86
1732301106.312055000,86
1732301106.312064000,78
1732301106.312067000,14546
1732301106.312070000,86
1732301106.312070000,13098
1732301106.312083000,86
1732301106.312105000,21786
1732301106.312128000,60882
1732301106.312141000,78
1732301106.312147000,86
1732301106.312159000,1514
1732301106.312159000,55090
1732301106.312179000,66
1732301106.312261000,7306
1732301106.312261000,65226
1732301106.312327000,4410
1732301106.312327000,4410
1732301106.312328000,11650
1732301106.312396000,46402
1732301106.312457000,8754
1732301106.312457000,37714
1732301106.312478000,78
1732301106.312486000,78
1732301106.312496000,78
1732301106.312500000,14546
1732301106.312503000,78
1732301106.312513000,78
1732301106.312520000,78
1732301106.312529000,78
1732301106.312534000,78
1732301106.312539000,8754
1732301106.312541000,78
1732301106.312539000,26130
1732301106.312565000,78
1732301106.312573000,78
1732301106.312594000,30474
1732301106.312614000,78
1732301106.312628000,1514
1732301106.312628000,11650
1732301106.312639000,66
1732301106.312648000,78
1732301106.312677000,21786
1732301106.312694000,78
1732301106.312722000,2962
1732301106.312722000,39162
1732301106.312753000,78
1732301106.312762000,66
1732301106.312782000,24682
1732301106.312802000,4410
1732301106.312815000,66
1732301106.312823000,66
1732301106.312839000,1514
1732301106.312839000,53642
1732301106.312878000,66
1732301106.312887000,66
1732301106.312900000,5858
1732301106.312900000,11650
1732301106.312924000,14546
1732301106.312934000,5858
1732301106.312947000,66
1732301106.312955000,66
1732301106.312959000,8754
1732301106.312960000,21786
1732301106.312996000,66
1732301106.313001000,2962
1732301106.313002000,66
1732301106.313001000,27426
1732301106.313036000,66
1732301106.313042000,66
1732301106.355687000,114
1732301106.355963000,65226
1732301106.356029000,66
1732301106.356059000,27578
1732301106.356095000,37714
1732301106.356105000,66
1732301106.356115000,66
1732301106.356141000,55090
1732301106.356168000,66
1732301106.356206000,10202
1732301106.356206000,65226
1732301106.356239000,66
1732301106.356256000,17442
1732301106.356284000,47850
1732301106.356286000,66
1732301106.356318000,66
1732301106.356334000,44954
1732301106.356357000,66
1732301106.356379000,20338
1732301106.356384000,66
1732301106.356403000,66
1732301106.356419000,65226
1732301106.356450000,7306
1732301106.356482000,57986
1732301106.356498000,66
1732301106.356520000,34818
1732301106.356546000,66
1732301106.356554000,30474
1732301106.356575000,66
1732301106.356594000,62330
1732301106.356601000,66
1732301106.356634000,2962
1732301106.356634000,23234
1732301106.356664000,11650
1732301106.356668000,66
1732301106.356695000,36266
1732301106.356699000,66
1732301106.356726000,17442
1732301106.356744000,66
1732301106.356762000,66
1732301106.356763000,62330
1732301106.356832000,2962
1732301106.356832000,65226
1732301106.356839000,66
1732301106.356873000,24682
1732301106.356922000,40610
1732301106.356929000,66
1732301106.356954000,66
1732301106.356961000,52194
1732301106.356985000,66
1732301106.356988000,13098
1732301106.357023000,66
1732301106.357023000,65226
1732301106.357038000,66
1732301106.357065000,14546
1732301106.357109000,50746
1732301106.357121000,66
1732301106.357140000,66
1732301106.357148000,42058
1732301106.357176000,66
1732301106.357176000,23234
1732301106.357210000,66
1732301106.357218000,65226
1732301106.357230000,66
1732301106.357246000,4410
1732301106.357269000,60882
1732301106.357298000,66
1732301106.357302000,31922
1732301106.357325000,33370
1732301106.357343000,66
1732301106.357356000,59434
1732301106.357386000,5858
1732301106.357386000,20338
1732301106.357391000,66
1732301106.357413000,44954
1732301106.357434000,66
1732301106.357438000,21786
1732301106.357461000,1514
1732301106.357462000,42058
1732301106.357485000,18738
1732301106.357486000,66
1732301106.357548000,66
1732301106.396390000,114
1732301106.396660000,55090
1732301106.396727000,66
1732301106.396734000,10202
1732301106.396734000,65226
1732301106.396774000,17442
1732301106.396803000,47850
1732301106.396805000,66
1732301106.396818000,66
1732301106.396840000,44954
1732301106.396843000,66
1732301106.396885000,20338
1732301106.396899000,66
1732301106.396912000,66
1732301106.396920000,65226
1732301106.396947000,7306
1732301106.396975000,57986
1732301106.396978000,66
1732301106.396987000,66
1732301106.397010000,34818
1732301106.397028000,66
1732301106.397036000,30474
1732301106.397048000,66
1732301106.397074000,66
1732301106.397089000,62330
1732301106.397142000,2962
1732301106.397142000,65226
1732301106.397145000,66
1732301106.397178000,24682
1732301106.397204000,66
1732301106.397209000,40610
1732301106.397233000,23234
1732301106.397236000,66
1732301106.397283000,66
1732301106.397332000,8754
1732301106.397356000,66
1732301106.397367000,40610
1732301106.397398000,15994
1732301106.397423000,66
1732301106.397429000,57986
1732301106.397442000,66
1732301106.397482000,7306
1732301106.397482000,53642
1732301106.397488000,66
1732301106.397518000,11650
1732301106.397549000,65226
1732301106.397552000,66
1732301106.397568000,66
1732301106.397578000,15994
1732301106.397609000,66
1732301106.397610000,49298
1732301106.397626000,66
1732301106.397645000,43506
1732301106.397662000,66
1732301106.397673000,21786
1732301106.397695000,66
1732301106.397698000,46402
1732301106.397714000,66
1732301106.397730000,18890
1732301106.397745000,66
1732301106.397750000,43506
1732301106.397763000,66
1732301106.397778000,21786
1732301106.397793000,66
1732301106.397794000,30474
1732301106.397821000,66
1732301106.397834000,34818
1732301106.397854000,66
1732301106.397874000,57986
1732301106.397879000,66
1732301106.397907000,7306
1732301106.397907000,23234
1732301106.397928000,33370
1732301106.397952000,66
1732301106.397960000,31922
1732301106.397983000,33370
1732301106.397999000,66
1732301106.398011000,31922
1732301106.398036000,30474
1732301106.398046000,66
1732301106.398067000,34818
1732301106.398085000,21786
1732301106.398091000,66
1732301106.398107000,26130
1732301106.398125000,12946
1732301106.398132000,66
1732301106.398163000,66
1732301106.435392000,114
1732301106.435652000,55090
1732301106.435727000,66
1732301106.435742000,10202
1732301106.435742000,65226
1732301106.435783000,66
1732301106.435801000,17442
1732301106.435831000,47850
1732301106.435831000,66
1732301106.435847000,66
1732301106.435866000,44954
1732301106.435872000,66
1732301106.435892000,20338
1732301106.435908000,66
1732301106.435923000,66
1732301106.435926000,65226
1732301106.435951000,7306
1732301106.435983000,57986
1732301106.435983000,66
1732301106.435992000,66
1732301106.436027000,34818
1732301106.436051000,30474
1732301106.436053000,66
1732301106.436089000,66
1732301106.436107000,62330
1732301106.436117000,66
1732301106.436163000,2962
1732301106.436163000,65226
1732301106.436182000,66
1732301106.436200000,24682
1732301106.436228000,40610
1732301106.436235000,66
1732301106.436254000,23234
1732301106.436259000,66
1732301106.436265000,2962
1732301106.436283000,21786
1732301106.436306000,66
1732301106.436314000,36266
1732301106.436340000,66
1732301106.436351000,4410
1732301106.436351000,39162
1732301106.436368000,66
1732301106.436388000,26130
1732301106.436400000,66
1732301106.436418000,52194
1732301106.436420000,66
1732301106.436449000,13098
1732301106.436477000,56538
1732301106.436480000,66
1732301106.436496000,66
1732301106.436526000,8754
1732301106.436526000,49298
1732301106.436532000,66
1732301106.436564000,15994
1732301106.436591000,66
1732301106.436596000,65226
1732301106.436608000,66
1732301106.436625000,11650
1732301106.436656000,53642
1732301106.436663000,66
1732301106.436679000,66
1732301106.436689000,39162
1732301106.436714000,66
1732301106.436716000,26130
1732301106.436742000,66
1732301106.436746000,46402
1732301106.436764000,66
1732301106.436777000,18890
1732301106.436803000,66
1732301106.436818000,65226
1732301106.436822000,66
1732301106.436843000,8754
1732301106.436854000,14546
1732301106.436869000,37714
1732301106.436893000,66
1732301106.436894000,4410
1732301106.436894000,26130
1732301106.436921000,30474
1732301106.436932000,66
1732301106.436942000,8754
1732301106.436942000,15994
1732301106.436964000,26130
1732301106.436974000,66
1732301106.436985000,23234
1732301106.437000000,18890
1732301106.437009000,66
1732301106.437018000,21786
1732301106.437039000,66
1732301106.437040000,24682
1732301106.437053000,15994
1732301106.437060000,66
1732301106.437065000,2810
1732301106.437088000,66
1732301106.437098000,66
1732301106.492894000,114
1732301106.536385000,66
1732301106.538309000,114
1732301106.538402000,66
1732301106.592292000,114
1732301106.592378000,66
1732301106.640463000,114
1732301106.640555000,66
1732301108.478242000,114
1732301108.478561000,7306
1732301108.478561000,7306
1732301108.478604000,66
1732301108.478618000,66
1732301108.479338000,14546
1732301108.479365000,66
1732301108.479392000,14546
1732301108.479410000,66
1732301108.479726000,29026
1732301108.479761000,66
1732301108.479795000,7306
1732301108.479795000,21786
1732301108.479826000,66
1732301108.479837000,66
1732301108.479905000,43506
1732301108.479949000,66
1732301108.479971000,14546
1732301108.479990000,14546
1732301108.480020000,20338
1732301108.480024000,66
1732301108.480039000,66
1732301108.480046000,66
1732301108.480050000,15994
1732301108.480098000,66
1732301108.480122000,7306
1732301108.480122000,57986
1732301108.480173000,66
1732301108.480185000,66
1732301108.480200000,11650
1732301108.480232000,17442
1732301108.480255000,66
1732301108.480262000,29026
1732301108.480264000,66
1732301108.480298000,7306
1732301108.480300000,66
1732301108.480298000,21786
1732301108.480342000,17442
1732301108.480352000,66
1732301108.480405000,23234
1732301108.480407000,66
1732301108.480457000,2962
1732301108.480457000,29026
1732301108.480464000,66
1732301108.480493000,14546
1732301108.480516000,21786
1732301108.480526000,66
1732301108.480530000,1514
1732301108.480573000,66
1732301108.480606000,63778
1732301108.480668000,29026
1732301108.480715000,39162
1732301108.480720000,66
1732301108.480760000,66
1732301108.480768000,78
1732301108.480776000,53642
1732301108.480819000,78
1732301108.480848000,23234
1732301108.480870000,78
1732301108.480883000,13098
1732301108.480908000,78
1732301108.480914000,21786
1732301108.480943000,78
1732301108.480970000,34818
1732301108.481000000,78
1732301108.481015000,11650
1732301108.481044000,78
1732301108.481063000,65226
1732301108.481109000,78
1732301108.481122000,15994
1732301108.481148000,8754
1732301108.481148000,14546
1732301108.481172000,78
1732301108.481181000,78
1732301108.481194000,14546
1732301108.481212000,78
1732301108.481224000,36266
1732301108.481255000,78
1732301108.481272000,18890
1732301108.481302000,78
1732301108.481323000,49298
1732301108.481360000,78
1732301108.481388000,43506
1732301108.481418000,78
1732301108.481449000,46402
1732301108.481483000,78
1732301108.481501000,26130
1732301108.481541000,66
1732301108.481550000,21786
1732301108.481582000,23234
1732301108.481604000,13098
1732301108.481625000,2962
1732301108.481625000,18890
1732301108.481651000,13098
1732301108.481678000,21786
1732301108.481708000,24682
1732301108.481733000,14546
1732301108.481759000,23234
1732301108.481781000,8754
1732301108.481796000,66
1732301108.481801000,15994
1732301108.481804000,78
1732301108.481812000,78
1732301108.481819000,78
1732301108.481826000,78
1732301108.481833000,78
1732301108.481840000,66
1732301108.481846000,66
1732301108.481848000,1514
1732301108.481848000,2962
1732301108.481852000,66
1732301108.481848000,4410
1732301108.481848000,40610
1732301108.481859000,78
1732301108.481866000,78
1732301108.481912000,20338
1732301108.481935000,4410
1732301108.481935000,2962
1732301108.481958000,11650
1732301108.481959000,78
1732301108.481967000,66
1732301108.481974000,66
1732301108.481975000,14546
1732301108.481979000,66
1732301108.481985000,66
1732301108.481992000,66
1732301108.482004000,31922
1732301108.482037000,4410
1732301108.482037000,18890
1732301108.482060000,11650
1732301108.482091000,66
1732301108.482093000,30474
1732301108.482099000,66
1732301108.482105000,66
1732301108.482144000,7306
1732301108.482144000,43506
1732301108.482168000,66
1732301108.482185000,11650
1732301108.482210000,66
1732301108.482216000,66
1732301108.482219000,2962
1732301108.482219000,31922
1732301108.482222000,66
1732301108.482270000,33370
1732301108.482284000,66
1732301108.482290000,66
1732301108.482301000,66
1732301108.482324000,24682
1732301108.482368000,66
1732301108.482370000,40610
1732301108.482400000,66
1732301108.482418000,27426
1732301108.482466000,66
1732301108.524709000,114
1732301108.524985000,62330
1732301108.525081000,2962
1732301108.525082000,65226
1732301108.525085000,66
1732301108.525122000,24682
1732301108.525152000,40610
1732301108.525183000,66
1732301108.525197000,52194
1732301108.525209000,66
1732301108.525233000,13098
1732301108.525277000,66
1732301108.525287000,65226
1732301108.525303000,66
1732301108.525326000,14546
1732301108.525358000,50746
1732301108.525393000,66
1732301108.525395000,42058
1732301108.525433000,23234
1732301108.525440000,66
1732301108.525472000,65226
1732301108.525487000,66
1732301108.525502000,4410
1732301108.525535000,60882
1732301108.525551000,66
1732301108.525571000,31922
1732301108.525592000,66
1732301108.525599000,33370
1732301108.525619000,66
1732301108.525619000,18890
1732301108.525644000,66
1732301108.525662000,66
1732301108.525693000,10202
1732301108.525720000,66
1732301108.525723000,33370
1732301108.525753000,21786
1732301108.525770000,66
1732301108.525782000,49298
1732301108.525790000,66
1732301108.525820000,15994
1732301108.525846000,66
1732301108.525856000,65226
1732301108.525864000,66
1732301108.525887000,11650
1732301108.525917000,53642
1732301108.525939000,66
1732301108.525955000,39162
1732301108.525979000,66
1732301108.525987000,26130
1732301108.526012000,66
1732301108.526022000,65226
1732301108.526035000,66
1732301108.526048000,1514
1732301108.526084000,63778
1732301108.526108000,66
1732301108.526115000,29026
1732301108.526137000,36266
1732301108.526154000,66
1732301108.526160000,36266
1732301108.526190000,29026
1732301108.526201000,66
1732301108.526209000,29026
1732301108.526235000,30474
1732301108.526248000,66
1732301108.526262000,5858
1732301108.526262000,18890
1732301108.526281000,29026
1732301108.526293000,66
1732301108.526311000,36266
1732301108.526331000,21786
1732301108.526334000,66
1732301108.526356000,30474
1732301108.526376000,66
1732301108.526381000,13098
1732301108.526397000,34818
1732301108.526403000,66
1732301108.526426000,30474
1732301108.526440000,66
1732301108.526444000,26130
1732301108.526467000,66
1732301108.526470000,30474
1732301108.526489000,66
1732301108.526502000,8754
1732301108.526502000,4258
1732301108.526514000,66
1732301108.526529000,66
1732301108.565321000,114
1732301108.565583000,43506
1732301108.565630000,21786
1732301108.565638000,66
1732301108.565678000,66
1732301108.565678000,65226
1732301108.565705000,5858
1732301108.565743000,59434
1732301108.565746000,66
1732301108.565782000,33370
1732301108.565803000,66
1732301108.565807000,31922
1732301108.565827000,66
1732301108.565842000,60882
1732301108.565845000,66
1732301108.565894000,4410
1732301108.565894000,65226
1732301108.565898000,66
1732301108.565935000,23234
1732301108.565960000,66
1732301108.565963000,42058
1732301108.565975000,66
1732301108.565999000,66
1732301108.566000000,50746
1732301108.566029000,14546
1732301108.566056000,66
1732301108.566068000,66
1732301108.566071000,65226
1732301108.566099000,13098
1732301108.566127000,52194
1732301108.566130000,66
1732301108.566140000,66
1732301108.566153000,18890
1732301108.566174000,66
1732301108.566187000,66
1732301108.566276000,10202
1732301108.566294000,66
1732301108.566305000,33370
1732301108.566332000,21786
1732301108.566339000,66
1732301108.566353000,66
1732301108.566360000,43506
1732301108.566394000,21786
1732301108.566403000,66
1732301108.566417000,66
1732301108.566426000,55090
1732301108.566479000,66
1732301108.566480000,10202
1732301108.566480000,53642
1732301108.566518000,11650
1732301108.566543000,66
1732301108.566552000,65226
1732301108.566553000,66
1732301108.566582000,15994
1732301108.566610000,49298
1732301108.566612000,66
1732301108.566625000,66
1732301108.566646000,43506
1732301108.566654000,66
1732301108.566671000,21786
1732301108.566690000,66
1732301108.566692000,42058
1732301108.566705000,66
1732301108.566742000,23234
1732301108.566748000,66
1732301108.566764000,66
1732301108.566769000,65226
1732301108.566792000,4410
1732301108.566808000,43506
1732301108.566828000,66
1732301108.566833000,17442
1732301108.566846000,21786
1732301108.566852000,66
1732301108.566858000,20338
1732301108.566873000,66
1732301108.566882000,27578
1732301108.566885000,66
1732301108.566903000,17442
1732301108.566912000,66
1732301108.566918000,24682
1732301108.566925000,66
1732301108.566939000,66
1732301108.566940000,26130
1732301108.566962000,14546
1732301108.566969000,66
1732301108.566973000,24682
1732301108.566980000,66
1732301108.566993000,66
1732301108.566995000,26130
1732301108.567015000,14546
1732301108.567023000,66
1732301108.567029000,24682
1732301108.567034000,66
1732301108.567052000,27578
1732301108.567058000,66
1732301108.567076000,13098
1732301108.567082000,66
1732301108.567082000,1362
1732301108.567109000,66
1732301108.604348000,114
1732301108.604625000,65226
1732301108.604699000,27578
1732301108.604725000,37714
1732301108.604728000,66
1732301108.604758000,55090
1732301108.604809000,10202
1732301108.604809000,65226
1732301108.604830000,66
1732301108.604844000,66
1732301108.604846000,17442
1732301108.604876000,47850
1732301108.604889000,66
1732301108.604913000,44954
1732301108.604934000,66
1732301108.604940000,20338
1732301108.604967000,66
1732301108.604972000,65226
1732301108.604984000,66
1732301108.604999000,7306
1732301108.605033000,57986
1732301108.605053000,66
1732301108.605078000,34818
1732301108.605103000,66
1732301108.605106000,30474
1732301108.605130000,66
1732301108.605141000,62330
1732301108.605153000,66
1732301108.605174000,2962
1732301108.605174000,21786
1732301108.605206000,66
1732301108.605224000,13098
1732301108.605226000,66
1732301108.605242000,66
1732301108.605251000,31922
1732301108.605282000,20338
1732301108.605296000,66
1732301108.605311000,50746
1732301108.605317000,66
1732301108.605343000,14546
1732301108.605370000,66
1732301108.605373000,59434
1732301108.605387000,66
1732301108.605428000,5858
1732301108.605430000,66
1732301108.605428000,57986
1732301108.605487000,7306
1732301108.605487000,62330
1732301108.605496000,66
1732301108.605547000,2962
1732301108.605547000,65226
1732301108.605559000,66
1732301108.605582000,24682
1732301108.605611000,40610
1732301108.605616000,66
1732301108.605638000,66
1732301108.605648000,52194
1732301108.605666000,66
1732301108.605672000,13098
1732301108.605698000,49298
1732301108.605700000,66
1732301108.605715000,66
1732301108.605727000,15994
1732301108.605743000,36266
1732301108.605748000,66
1732301108.605773000,66
1732301108.605783000,30474
1732301108.605799000,66
1732301108.605804000,42058
1732301108.605824000,66
1732301108.605830000,23234
1732301108.605845000,23234
1732301108.605853000,66
1732301108.605857000,15994
1732301108.605877000,24682
1732301108.605886000,66
1732301108.605898000,1514
1732301108.605898000,21786
1732301108.605917000,66
1732301108.605922000,29026
1732301108.605939000,66
1732301108.605943000,14546
1732301108.605956000,24682
1732301108.605962000,66
1732301108.605979000,27578
1732301108.605991000,66
1732301108.606007000,13098
1732301108.606018000,18738
1732301108.606024000,66
1732301108.606058000,66
1732301108.678223000,114
1732301108.678333000,66
1732301108.730220000,114
1732301108.730303000,66
1732301108.780105000,114
1732301108.780190000,66
1732301108.828549000,114
1732301108.828639000,66
1732301110.647101000,114
1732301110.647382000,7306
1732301110.647382000,7306
1732301110.647432000,66
1732301110.647452000,66
1732301110.648080000,14546
1732301110.648106000,66
1732301110.648136000,14546
1732301110.648152000,66
1732301110.648499000,29026
1732301110.648535000,66
1732301110.648583000,7306
1732301110.648583000,21786
1732301110.648615000,66
1732301110.648649000,34818
1732301110.648670000,66
1732301110.648689000,66
1732301110.648689000,8754
1732301110.648689000,14546
1732301110.648751000,66
1732301110.648761000,50746
1732301110.648807000,66
1732301110.648855000,7306
1732301110.648855000,34818
1732301110.648890000,66
1732301110.648899000,66
1732301110.648927000,23234
1732301110.648950000,66
1732301110.648966000,11650
1732301110.648979000,66
1732301110.649008000,46402
1732301110.649040000,66
1732301110.649054000,7306
1732301110.649054000,4410
1732301110.649103000,66
1732301110.649109000,60882
1732301110.649174000,29026
1732301110.649203000,2962
1732301110.649218000,66
1732301110.649231000,33370
1732301110.649259000,66
1732301110.649288000,59434
1732301110.649295000,66
1732301110.649381000,5858
1732301110.649381000,65226
1732301110.649396000,66
1732301110.649447000,21786
1732301110.649493000,43506
1732301110.649503000,66
1732301110.649533000,66
1732301110.649558000,49298
1732301110.649577000,66
1732301110.649605000,15994
1732301110.649653000,66
1732301110.649668000,65226
1732301110.649678000,66
1732301110.649719000,11650
1732301110.649766000,53642
1732301110.649795000,66
1732301110.649825000,39162
1732301110.649866000,26130
1732301110.649868000,66
1732301110.649914000,66
1732301110.649923000,65226
1732301110.649944000,66
1732301110.649968000,1514
1732301110.650015000,63778
1732301110.650038000,66
1732301110.650080000,29026
1732301110.650126000,66
1732301110.650141000,36266
1732301110.650163000,66
1732301110.650202000,66
1732301110.650206000,56538
1732301110.650292000,8754
1732301110.650292000,65226
1732301110.650311000,66
1732301110.650359000,18890
1732301110.650400000,46402
1732301110.650416000,66
1732301110.650445000,66
1732301110.650456000,46402
1732301110.650491000,66
1732301110.650505000,18890
1732301110.650541000,66
1732301110.650557000,65226
1732301110.650565000,66
1732301110.650604000,8754
1732301110.650656000,56538
1732301110.650671000,66
1732301110.650691000,66
1732301110.650709000,36266
1732301110.650751000,66
1732301110.650758000,29026
1732301110.650792000,27426
1732301110.650795000,66
1732301110.650831000,66
1732301110.650861000,66
1732301110.693591000,114
1732301110.693869000,65226
1732301110.693939000,27578
1732301110.693968000,37714
1732301110.693974000,66
1732301110.694006000,55090
1732301110.694048000,66
1732301110.694064000,10202
1732301110.694064000,65226
1732301110.694083000,66
1732301110.694107000,17442
1732301110.694137000,47850
1732301110.694143000,66
1732301110.694158000,66
1732301110.694176000,44954
1732301110.694191000,66
1732301110.694216000,20338
1732301110.694234000,66
1732301110.694252000,65226
1732301110.694261000,66
1732301110.694280000,7306
1732301110.694317000,57986
1732301110.694321000,66
1732301110.694329000,66
1732301110.694359000,34818
1732301110.694376000,66
1732301110.694390000,30474
1732301110.694401000,66
1732301110.694422000,66
1732301110.694436000,62330
1732301110.694483000,2962
1732301110.694483000,26130
1732301110.694524000,66
1732301110.694555000,66
1732301110.694588000,11650
1732301110.694615000,31922
1732301110.694618000,66
1732301110.694648000,21786
1732301110.694662000,66
1732301110.694678000,52194
1732301110.694683000,66
1732301110.694714000,13098
1732301110.694744000,66
1732301110.694747000,65226
1732301110.694761000,66
1732301110.694780000,14546
1732301110.694812000,50746
1732301110.694820000,66
1732301110.694838000,66
1732301110.694849000,42058
1732301110.694873000,23234
1732301110.694875000,66
1732301110.694917000,65226
1732301110.694919000,66
1732301110.694940000,66
1732301110.694941000,4410
1732301110.694977000,60882
1732301110.694996000,66
1732301110.695009000,31922
1732301110.695030000,33370
1732301110.695040000,66
1732301110.695069000,46402
1732301110.695100000,18890
1732301110.695103000,66
1732301110.695123000,52194
1732301110.695151000,66
1732301110.695163000,10202
1732301110.695163000,37714
1732301110.695191000,66
1732301110.695195000,27578
1732301110.695219000,39162
1732301110.695229000,66
1732301110.695251000,26130
1732301110.695268000,29026
1732301110.695282000,66
1732301110.695285000,21786
1732301110.695302000,14546
1732301110.695312000,17442
1732301110.695324000,66
1732301110.695327000,11650
1732301110.695339000,20338
1732301110.695358000,15994
1732301110.695366000,66
1732301110.695371000,18738
1732301110.695403000,66
1732301110.695422000,66
1732301110.734057000,114
1732301110.734326000,53642
1732301110.734383000,11650
1732301110.734418000,65226
1732301110.734425000,66
1732301110.734449000,15994
1732301110.734479000,49298
1732301110.734505000,66
1732301110.734514000,43506
1732301110.734533000,66
1732301110.734539000,21786
1732301110.734558000,66
1732301110.734571000,66
1732301110.734573000,65226
1732301110.734599000,5858
1732301110.734631000,59434
1732301110.734636000,66
1732301110.734667000,33370
1732301110.734692000,66
1732301110.734696000,31922
1732301110.734721000,66
1732301110.734748000,66
1732301110.734759000,60882
1732301110.734819000,4410
1732301110.734821000,66
1732301110.734819000,65226
1732301110.734861000,23234
1732301110.734889000,42058
1732301110.734894000,66
1732301110.734924000,26130
1732301110.734931000,66
1732301110.734976000,66
1732301110.734989000,7306
1732301110.735011000,26130
1732301110.735013000,66
1732301110.735042000,31922
1732301110.735049000,66
1732301110.735072000,39162
1732301110.735077000,66
1732301110.735105000,26130
1732301110.735127000,66
1732301110.735135000,47850
1732301110.735150000,66
1732301110.735167000,17442
1732301110.735184000,66
1732301110.735197000,55090
1732301110.735200000,66
1732301110.735269000,10202
1732301110.735270000,65226
1732301110.735274000,66
1732301110.735307000,17442
1732301110.735335000,47850
1732301110.735349000,66
1732301110.735370000,44954
1732301110.735394000,20338
1732301110.735395000,66
1732301110.735427000,66
1732301110.735428000,65226
1732301110.735445000,66
1732301110.735454000,7306
1732301110.735475000,49298
1732301110.735489000,66
1732301110.735508000,8754
1732301110.735508000,24682
1732301110.735530000,66
1732301110.735531000,31922
1732301110.735566000,66
1732301110.735568000,33370
1732301110.735589000,34818
1732301110.735594000,66
1732301110.735615000,30474
1732301110.735631000,18890
1732301110.735636000,66
1732301110.735651000,23234
1732301110.735670000,23234
1732301110.735672000,66
1732301110.735683000,15994
1732301110.735701000,21786
1732301110.735705000,66
1732301110.735724000,26130
1732301110.735735000,66
1732301110.735745000,1514
1732301110.735745000,23234
1732301110.735756000,66
1732301110.735774000,33218
1732301110.735778000,66
1732301110.735809000,66
1732301110.773156000,114
1732301110.773400000,47850
1732301110.773464000,17442
1732301110.773477000,66
1732301110.773501000,65226
1732301110.773517000,66
1732301110.773529000,10202
1732301110.773554000,66
1732301110.773557000,55090
1732301110.773563000,66
1732301110.773593000,37714
1732301110.773609000,66
1732301110.773618000,27578
1732301110.773630000,66
1732301110.773645000,66
1732301110.773658000,65226
1732301110.773715000,65226
1732301110.773717000,66
1732301110.773751000,27578
1732301110.773777000,66
1732301110.773780000,37714
1732301110.773798000,66
1732301110.773815000,55090
1732301110.773820000,66
1732301110.773877000,66
1732301110.773879000,10202
1732301110.773879000,65226
1732301110.773917000,17442
1732301110.773944000,47850
1732301110.773947000,66
1732301110.773959000,66
1732301110.773974000,30474
1732301110.773983000,66
1732301110.774000000,66
1732301110.774010000,13098
1732301110.774031000,66
1732301110.774036000,30474
1732301110.774062000,21786
1732301110.774068000,66
1732301110.774083000,66
1732301110.774089000,40610
1732301110.774122000,24682
1732301110.774129000,66
1732301110.774144000,66
1732301110.774145000,40610
1732301110.774179000,24682
1732301110.774184000,66
1732301110.774209000,66
1732301110.774211000,53642
1732301110.774242000,11650
1732301110.774258000,66
1732301110.774268000,66
1732301110.774270000,56538
1732301110.774319000,66
1732301110.774324000,8754
1732301110.774324000,55090
1732301110.774381000,66
1732301110.774393000,10202
1732301110.774393000,65226
1732301110.774430000,17442
1732301110.774458000,47850
1732301110.774459000,66
1732301110.774491000,44954
1732301110.774507000,66
1732301110.774514000,20338
1732301110.774526000,17442
1732301110.774529000,66
1732301110.774539000,29026
1732301110.774550000,66
1732301110.774578000,36266
1732301110.774582000,66
1732301110.774594000,13098
1732301110.774609000,33370
1732301110.774613000,66
1732301110.774623000,66
1732301110.774630000,18890
1732301110.774641000,66
1732301110.774641000,18890
1732301110.774653000,66
1732301110.774659000,21786
1732301110.774665000,66
1732301110.774679000,66
1732301110.774681000,24682
1732301110.774696000,18890
1732301110.774709000,66
1732301110.774715000,21786
1732301110.774720000,66
1732301110.774734000,66
1732301110.774737000,24682
1732301110.774751000,17442
1732301110.774764000,66
1732301110.774772000,24682
1732301110.774775000,66
1732301110.774792000,17290
1732301110.774796000,66
1732301110.774808000,66
1732301110.828765000,114
1732301110.828874000,66
1732301110.873284000,114
1732301110.873340000,66
1732301110.927860000,114
1732301110.927941000,66
1732301110.970211000,114
1732301110.970272000,66
1732301112.815984000,114
1732301112.816319000,7306
1732301112.816319000,7306
1732301112.816369000,66
1732301112.816385000,66
1732301112.817009000,14546
1732301112.817034000,66
1732301112.817058000,14546
1732301112.817076000,66
1732301112.817403000,29026
1732301112.817437000,66
1732301112.817474000,7306
1732301112.817474000,21786
1732301112.817504000,66
1732301112.817512000,66
1732301112.817538000,34818
1732301112.817582000,8754
1732301112.817582000,66
1732301112.817582000,14546
1732301112.817630000,66
1732301112.817644000,50746
1732301112.817680000,66
1732301112.817701000,7306
1732301112.817701000,11650
1732301112.817751000,66
1732301112.817756000,46402
1732301112.817794000,66
1732301112.817808000,11650
1732301112.817848000,34818
1732301112.817864000,66
1732301112.817875000,66
1732301112.817892000,11650
1732301112.817931000,66
1732301112.817947000,7306
1732301112.817947000,65226
1732301112.817996000,66
1732301112.818014000,8754
1732301112.818059000,56538
1732301112.818078000,66
1732301112.818101000,66
1732301112.818117000,36266
1732301112.818158000,66
1732301112.818164000,29026
1732301112.818199000,66
1732301112.818222000,63778
1732301112.818233000,66
1732301112.818313000,1514
1732301112.818313000,65226
1732301112.818336000,66
1732301112.818377000,26130
1732301112.818424000,39162
1732301112.818432000,66
1732301112.818466000,66
1732301112.818483000,53642
1732301112.818506000,66
1732301112.818532000,11650
1732301112.818579000,66
1732301112.818580000,65226
1732301112.818598000,66
1732301112.818631000,15994
1732301112.818679000,49298
1732301112.818690000,66
1732301112.818716000,66
1732301112.818737000,43506
1732301112.818767000,66
1732301112.818806000,21786
1732301112.818815000,66
1732301112.818850000,66
1732301112.818865000,65226
1732301112.818913000,5858
1732301112.818958000,59434
1732301112.818990000,66
1732301112.819018000,33370
1732301112.819055000,66
1732301112.819062000,31922
1732301112.819096000,66
1732301112.819118000,60882
1732301112.819131000,66
1732301112.819204000,4410
1732301112.819204000,65226
1732301112.819226000,66
1732301112.819271000,23234
1732301112.819315000,42058
1732301112.819323000,66
1732301112.819355000,66
1732301112.819371000,50746
1732301112.819398000,66
1732301112.819416000,14546
1732301112.819449000,66
1732301112.819464000,65226
1732301112.819470000,66
1732301112.819516000,13098
1732301112.819559000,52194
1732301112.819573000,66
1732301112.819596000,66
1732301112.819606000,27426
1732301112.819645000,66
1732301112.819677000,66
1732301112.862548000,114
1732301112.862831000,65226
1732301112.862916000,27578
1732301112.862944000,66
1732301112.862953000,37714
1732301112.862998000,55090
1732301112.863008000,66
1732301112.863058000,10202
1732301112.863059000,65226
1732301112.863071000,66
1732301112.863100000,17442
1732301112.863141000,47850
1732301112.863142000,66
1732301112.863157000,66
1732301112.863181000,44954
1732301112.863192000,66
1732301112.863221000,20338
1732301112.863241000,66
1732301112.863257000,66
1732301112.863259000,65226
1732301112.863288000,7306
1732301112.863317000,57986
1732301112.863333000,66
1732301112.863343000,66
1732301112.863358000,34818
1732301112.863385000,30474
1732301112.863391000,66
1732301112.863427000,62330
1732301112.863439000,66
1732301112.863467000,2962
1732301112.863467000,30474
1732301112.863507000,66
1732301112.863538000,66
1732301112.863560000,20338
1732301112.863591000,37714
1732301112.863596000,66
1732301112.863640000,66
1732301112.863646000,7306
1732301112.863646000,56538
1732301112.863711000,8754
1732301112.863711000,65226
1732301112.863723000,66
1732301112.863753000,18890
1732301112.863783000,46402
1732301112.863799000,66
1732301112.863818000,46402
1732301112.863846000,18890
1732301112.863849000,66
1732301112.863879000,65226
1732301112.863896000,66
1732301112.863918000,8754
1732301112.863962000,56538
1732301112.863966000,66
1732301112.863981000,66
1732301112.863995000,36266
1732301112.864019000,29026
1732301112.864021000,66
1732301112.864048000,63778
1732301112.864051000,66
1732301112.864074000,66
1732301112.864087000,1514
1732301112.864087000,52194
1732301112.864117000,66
1732301112.864119000,13098
1732301112.864133000,31922
1732301112.864157000,37714
1732301112.864158000,66
1732301112.864188000,27578
1732301112.864193000,66
1732301112.864209000,33370
1732301112.864238000,23234
1732301112.864239000,66
1732301112.864256000,8754
1732301112.864256000,24682
1732301112.864268000,66
1732301112.864290000,39162
1732301112.864310000,66
1732301112.864323000,1514
1732301112.864324000,37714
1732301112.864359000,7154
1732301112.864365000,66
1732301112.864404000,66
1732301112.903117000,114
1732301112.903340000,23234
1732301112.903399000,66
1732301112.903401000,42058
1732301112.903439000,50746
1732301112.903443000,66
1732301112.903468000,14546
1732301112.903494000,66
1732301112.903502000,65226
1732301112.903505000,66
1732301112.903532000,13098
1732301112.903556000,52194
1732301112.903564000,66
1732301112.903575000,66
1732301112.903591000,40610
1732301112.903602000,66
1732301112.903615000,24682
1732301112.903627000,66
1732301112.903643000,66
1732301112.903645000,56538
1732301112.903697000,8754
1732301112.903699000,66
1732301112.903697000,52194
1732301112.903736000,13098
1732301112.903757000,66
1732301112.903768000,66
1732301112.903768000,65226
1732301112.903802000,14546
1732301112.903827000,50746
1732301112.903832000,66
1732301112.903843000,66
1732301112.903872000,42058
1732301112.903877000,66
1732301112.903902000,23234
1732301112.903916000,66
1732301112.903923000,33370
1732301112.903931000,66
1732301112.903960000,66
1732301112.904075000,40610
1732301112.904113000,24682
1732301112.904126000,66
1732301112.904144000,66
1732301112.904152000,65226
1732301112.904178000,2962
1732301112.904221000,62330
1732301112.904230000,66
1732301112.904257000,30474
1732301112.904279000,66
1732301112.904285000,34818
1732301112.904297000,66
1732301112.904316000,66
1732301112.904319000,57986
1732301112.904371000,7306
1732301112.904371000,63778
1732301112.904376000,66
1732301112.904422000,1514
1732301112.904422000,57986
1732301112.904433000,66
1732301112.904465000,7306
1732301112.904466000,43506
1732301112.904477000,66
1732301112.904497000,21786
1732301112.904513000,66
1732301112.904517000,39162
1732301112.904538000,66
1732301112.904551000,26130
1732301112.904559000,66
1732301112.904569000,34818
1732301112.904574000,66
1732301112.904599000,30474
1732301112.904605000,66
1732301112.904621000,30474
1732301112.904630000,66
1732301112.904645000,4410
1732301112.904645000,24682
1732301112.904650000,66
1732301112.904688000,66
1732301112.904688000,40610
1732301112.904719000,46402
1732301112.904730000,66
1732301112.904748000,18890
1732301112.904762000,30474
1732301112.904764000,66
1732301112.904777000,66
1732301112.904786000,29026
1732301112.904794000,66
1732301112.904808000,5858
1732301112.904808000,18890
1732301112.904811000,66
1732301112.904834000,20186
1732301112.904836000,66
1732301112.904859000,66
1732301112.942153000,114
1732301112.942418000,59434
1732301112.942502000,5858
1732301112.942502000,65226
1732301112.942515000,66
1732301112.942540000,21786
1732301112.942569000,43506
1732301112.942595000,66
1732301112.942605000,49298
1732301112.942618000,66
1732301112.942629000,15994
1732301112.942647000,66
1732301112.942659000,66
1732301112.942661000,65226
1732301112.942689000,11650
1732301112.942722000,53642
1732301112.942736000,66
1732301112.942757000,39162
1732301112.942780000,66
1732301112.942782000,26130
1732301112.942815000,66
1732301112.942830000,65226
1732301112.942835000,66
1732301112.942854000,1514
1732301112.942897000,63778
1732301112.942916000,66
1732301112.942937000,29026
1732301112.942965000,36266
1732301112.942973000,66
1732301112.942994000,36266
1732301112.943015000,20338
1732301112.943018000,66
1732301112.943040000,44954
1732301112.943057000,66
1732301112.943076000,47850
1732301112.943088000,66
1732301112.943103000,17442
1732301112.943119000,66
1732301112.943131000,55090
1732301112.943136000,66
1732301112.943184000,10202
1732301112.943184000,52194
1732301112.943193000,66
1732301112.943220000,13098
1732301112.943252000,66
1732301112.943255000,65226
1732301112.943267000,66
1732301112.943284000,14546
1732301112.943312000,50746
1732301112.943322000,66
1732301112.943339000,66
1732301112.943346000,42058
1732301112.943370000,23234
1732301112.943372000,66
1732301112.943395000,39162
1732301112.943403000,66
1732301112.943423000,66
1732301112.943429000,26130
1732301112.943450000,66
1732301112.943459000,49298
1732301112.943470000,66
1732301112.943492000,17442
1732301112.943509000,66
1732301112.943521000,55090
1732301112.943526000,66
1732301112.943579000,10202
1732301112.943579000,55090
1732301112.943592000,66
1732301112.943609000,10202
1732301112.943609000,17442
1732301112.943630000,36266
1732301112.943649000,11650
1732301112.943651000,66
1732301112.943661000,24682
1732301112.943679000,20338
1732301112.943696000,20338
1732301112.943702000,66
1732301112.943710000,15994
1732301112.943725000,18890
1732301112.943744000,21786
1732301112.943745000,66
